customer_id,gender,age,country,device_type,category,time_spent,items_viewed,items_purchased,total_spent,age_group
CUST_1,Male,40,Australia,Tablet,Clothing,87,12,8,1187,36-45
CUST_2,Female,38,Pakistan,Tablet,Electronics,71,22,3,153,36-45
CUST_3,Male,36,UK,Tablet,Clothing,59,20,8,1055,36-45
CUST_4,Male,36,Pakistan,Mobile,Clothing,39,18,3,991,36-45
CUST_5,Male,53,Canada,Desktop,Electronics,3,1,1,588,46-55
CUST_6,Female,46,UK,Desktop,Books,76,30,3,252,46-55
CUST_7,Male,35,USA,Mobile,Home,7,33,5,1129,26-35
CUST_8,Male,19,Canada,Desktop,Electronics,49,24,5,706,18-25
CUST_9,Male,18,UK,Tablet,Sports,26,14,4,100,18-25
CUST_10,Female,64,Australia,Desktop,Books,33,36,0,1412,56-65
CUST_11,Male,22,Australia,Desktop,Books,101,5,2,286,18-25
CUST_12,Male,37,Australia,Desktop,Sports,48,11,4,326,36-45
CUST_13,Male,28,Australia,Tablet,Home,79,24,5,1424,26-35
CUST_14,Male,59,USA,Mobile,Books,2,31,0,1306,56-65
CUST_15,Female,19,Pakistan,Tablet,Clothing,105,13,8,533,18-25
CUST_16,Male,20,UK,Mobile,Home,71,16,2,267,18-25
CUST_17,Female,40,USA,Mobile,Sports,32,24,9,584,36-45
CUST_18,Female,29,Australia,Mobile,Home,4,13,2,1321,26-35
CUST_19,Female,37,Pakistan,Desktop,Electronics,20,24,1,298,36-45
CUST_20,Male,22,Canada,Desktop,Home,114,26,7,399,18-25
CUST_21,Female,54,Canada,Mobile,Clothing,117,2,2,517,46-55
CUST_22,Male,55,Canada,Mobile,Electronics,36,16,5,925,46-55
CUST_23,Female,47,Australia,Desktop,Beauty,32,38,1,814,46-55
CUST_24,Female,26,Canada,Tablet,Sports,28,46,6,1208,26-35
CUST_25,Female,51,India,Mobile,Sports,77,1,3,924,46-55
CUST_26,Female,61,UK,Tablet,Home,1,49,8,697,56-65
CUST_27,Female,52,UK,Desktop,Books,60,11,9,239,46-55
CUST_28,Female,39,Australia,Mobile,Electronics,56,35,8,956,36-45
CUST_29,Female,61,India,Tablet,Beauty,35,43,6,1365,56-65
CUST_30,Female,41,USA,Tablet,Electronics,112,29,7,1036,36-45
CUST_31,Male,34,USA,Tablet,Sports,30,37,2,1471,26-35
CUST_32,Male,27,Canada,Desktop,Electronics,54,17,4,543,26-35
CUST_33,Female,47,Pakistan,Desktop,Beauty,36,39,1,824,46-55
CUST_34,Female,63,USA,Tablet,Books,55,42,9,1119,56-65
CUST_35,Female,40,Pakistan,Tablet,Home,89,28,6,276,36-45
CUST_36,Male,49,UK,Desktop,Clothing,80,29,7,1033,46-55
CUST_37,Female,34,Pakistan,Tablet,Electronics,58,43,8,1247,26-35
CUST_38,Male,34,UK,Tablet,Clothing,83,3,6,1146,26-35
CUST_39,Male,31,India,Desktop,Sports,65,10,9,597,26-35
CUST_40,Male,26,India,Tablet,Home,69,42,9,980,26-35
CUST_41,Male,57,Australia,Tablet,Home,51,14,7,119,56-65
CUST_42,Male,19,Australia,Tablet,Electronics,22,12,8,267,18-25
CUST_43,Female,62,Canada,Desktop,Books,88,47,5,1334,56-65
CUST_44,Female,42,USA,Tablet,Home,107,42,9,1450,36-45
CUST_45,Female,56,Canada,Desktop,Electronics,109,30,1,211,56-65
CUST_46,Female,26,UK,Desktop,Electronics,116,32,1,307,26-35
CUST_47,Female,39,Canada,Mobile,Clothing,101,32,3,116,36-45
CUST_48,Male,60,Pakistan,Mobile,Home,53,42,8,1445,56-65
CUST_49,Female,63,UK,Tablet,Electronics,100,32,6,1313,56-65
CUST_50,Female,21,Australia,Desktop,Clothing,36,26,1,189,18-25
CUST_51,Male,43,India,Mobile,Beauty,68,1,7,905,36-45
CUST_52,Female,46,Australia,Tablet,Clothing,36,42,6,225,46-55
CUST_53,Male,62,USA,Mobile,Clothing,52,2,8,1472,56-65
CUST_54,Female,51,UK,Mobile,Electronics,53,17,7,1145,46-55
CUST_55,Male,40,UK,Desktop,Sports,82,30,2,1098,36-45
CUST_56,Female,54,Pakistan,Desktop,Sports,50,39,0,902,46-55
CUST_57,Female,28,USA,Mobile,Books,80,7,1,1098,26-35
CUST_58,Male,23,India,Mobile,Sports,41,27,1,626,18-25
CUST_59,Male,35,UK,Desktop,Clothing,18,9,3,431,26-35
CUST_60,Male,38,UK,Tablet,Books,22,22,5,648,36-45
CUST_61,Male,59,Pakistan,Desktop,Electronics,66,34,3,572,56-65
CUST_62,Male,53,Canada,Mobile,Home,21,46,8,447,46-55
CUST_63,Male,58,India,Tablet,Clothing,100,49,3,605,56-65
CUST_64,Male,55,Australia,Mobile,Clothing,44,1,5,1165,46-55
CUST_65,Male,51,USA,Tablet,Books,103,9,5,508,46-55
CUST_66,Female,34,UK,Mobile,Electronics,47,20,9,135,26-35
CUST_67,Female,54,UK,Tablet,Beauty,39,19,9,222,46-55
CUST_68,Male,42,Australia,Tablet,Clothing,29,36,0,692,36-45
CUST_69,Female,55,India,Mobile,Beauty,54,40,7,175,46-55
CUST_70,Female,29,Canada,Tablet,Beauty,90,45,2,616,26-35
CUST_71,Female,40,UK,Desktop,Sports,85,4,5,996,36-45
CUST_72,Female,59,India,Mobile,Electronics,17,9,2,1157,56-65
CUST_73,Male,39,Australia,Desktop,Beauty,80,41,1,61,36-45
CUST_74,Female,38,Pakistan,Mobile,Electronics,60,22,4,1209,36-45
CUST_75,Male,44,Canada,Tablet,Sports,31,18,0,250,36-45
CUST_76,Female,48,USA,Tablet,Electronics,115,12,8,148,46-55
CUST_77,Female,23,UK,Tablet,Clothing,73,42,6,1079,18-25
CUST_78,Female,44,India,Mobile,Beauty,95,43,2,372,36-45
CUST_79,Male,57,Pakistan,Desktop,Electronics,78,39,3,1487,56-65
CUST_80,Female,51,USA,Desktop,Home,49,9,5,222,46-55
CUST_81,Male,29,India,Mobile,Electronics,101,6,2,620,26-35
CUST_82,Female,62,India,Mobile,Beauty,2,19,6,1285,56-65
CUST_83,Male,24,USA,Desktop,Sports,116,48,5,1184,18-25
CUST_84,Female,27,Pakistan,Desktop,Sports,48,47,8,446,26-35
CUST_85,Male,62,Australia,Desktop,Beauty,110,7,4,845,56-65
CUST_86,Male,34,Pakistan,Desktop,Clothing,14,16,3,960,26-35
CUST_87,Female,43,Canada,Mobile,Clothing,59,5,2,703,36-45
CUST_88,Male,38,UK,Mobile,Sports,97,16,9,880,36-45
CUST_89,Female,45,USA,Tablet,Sports,99,1,0,780,36-45
CUST_90,Female,63,Australia,Desktop,Beauty,58,37,2,766,56-65
CUST_91,Female,19,USA,Tablet,Clothing,103,39,2,949,18-25
CUST_92,Female,60,USA,Mobile,Sports,58,19,6,927,56-65
CUST_93,Female,18,Pakistan,Mobile,Clothing,111,37,6,939,18-25
CUST_94,Female,53,UK,Tablet,Sports,51,17,0,29,46-55
CUST_95,Female,43,Canada,Desktop,Electronics,84,26,2,810,36-45
CUST_96,Female,46,India,Desktop,Home,2,22,7,768,46-55
CUST_97,Female,38,India,Desktop,Books,115,8,8,1088,36-45
CUST_98,Female,28,USA,Desktop,Electronics,41,33,6,1495,26-35
CUST_99,Female,57,UK,Tablet,Books,83,2,6,438,56-65
CUST_100,Male,28,Australia,Tablet,Sports,101,30,7,883,26-35
CUST_101,Male,53,Pakistan,Mobile,Home,82,47,5,1094,46-55
CUST_102,Female,56,UK,Desktop,Home,16,20,2,914,56-65
CUST_103,Female,57,UK,Desktop,Sports,4,18,0,569,56-65
CUST_104,Female,52,Pakistan,Desktop,Sports,12,43,6,110,46-55
CUST_105,Female,51,USA,Tablet,Clothing,29,10,0,100,46-55
CUST_106,Female,64,UK,Desktop,Sports,7,24,0,172,56-65
CUST_107,Female,41,India,Tablet,Beauty,14,4,8,46,36-45
CUST_108,Female,39,Pakistan,Desktop,Sports,119,37,9,108,36-45
CUST_109,Female,22,Australia,Desktop,Beauty,12,4,6,1232,18-25
CUST_110,Male,50,Canada,Mobile,Sports,99,13,3,524,46-55
CUST_111,Female,53,USA,Desktop,Clothing,5,25,5,286,46-55
CUST_112,Male,64,Pakistan,Desktop,Beauty,81,13,0,1071,56-65
CUST_113,Female,37,Canada,Mobile,Electronics,106,18,6,951,36-45
CUST_114,Female,36,Canada,Tablet,Beauty,32,24,5,1138,36-45
CUST_115,Male,52,Australia,Tablet,Clothing,74,2,3,1238,46-55
CUST_116,Female,60,UK,Desktop,Books,43,48,6,753,56-65
CUST_117,Male,34,Australia,Tablet,Beauty,81,33,2,835,26-35
CUST_118,Female,62,UK,Desktop,Sports,69,19,0,53,56-65
CUST_119,Female,60,UK,Mobile,Sports,45,9,3,119,56-65
CUST_120,Male,51,Pakistan,Mobile,Books,106,28,2,1183,46-55
CUST_121,Female,26,Pakistan,Desktop,Clothing,9,35,0,507,26-35
CUST_122,Male,43,USA,Mobile,Home,49,39,1,990,36-45
CUST_123,Female,19,UK,Mobile,Sports,33,10,4,75,18-25
CUST_124,Male,26,Canada,Desktop,Electronics,100,1,7,1016,26-35
CUST_125,Male,26,India,Desktop,Clothing,100,42,0,1364,26-35
CUST_126,Female,57,USA,Mobile,Beauty,18,21,3,71,56-65
CUST_127,Female,34,Pakistan,Tablet,Beauty,9,9,3,971,26-35
CUST_128,Male,18,Australia,Tablet,Electronics,62,47,4,1241,18-25
CUST_129,Female,42,USA,Desktop,Sports,57,15,6,185,36-45
CUST_130,Female,60,USA,Desktop,Clothing,29,35,7,617,56-65
CUST_131,Female,57,USA,Tablet,Electronics,114,5,5,701,56-65
CUST_132,Male,59,USA,Mobile,Sports,78,41,0,607,56-65
CUST_133,Male,42,India,Tablet,Clothing,25,22,6,252,36-45
CUST_134,Male,56,Australia,Tablet,Beauty,15,41,2,1242,56-65
CUST_135,Male,52,Australia,Tablet,Clothing,6,23,5,363,46-55
CUST_136,Male,20,Australia,Tablet,Books,42,7,7,253,18-25
CUST_137,Male,54,UK,Desktop,Home,29,23,6,642,46-55
CUST_138,Male,61,Canada,Desktop,Clothing,79,44,9,954,56-65
CUST_139,Male,61,Australia,Mobile,Home,93,25,5,1116,56-65
CUST_140,Male,47,USA,Mobile,Clothing,4,27,8,667,46-55
CUST_141,Female,55,USA,Mobile,Home,82,41,8,180,46-55
CUST_142,Male,51,Australia,Mobile,Books,114,6,0,727,46-55
CUST_143,Female,29,Australia,Tablet,Beauty,57,34,0,430,26-35
CUST_144,Female,36,USA,Desktop,Sports,49,9,0,775,36-45
CUST_145,Female,54,UK,Desktop,Home,44,49,7,707,46-55
CUST_146,Male,61,Pakistan,Mobile,Books,103,33,9,85,56-65
CUST_147,Male,34,Pakistan,Mobile,Home,80,6,6,931,26-35
CUST_148,Male,27,Australia,Tablet,Beauty,75,37,2,142,26-35
CUST_149,Male,64,India,Tablet,Home,14,31,1,1461,56-65
CUST_150,Female,29,Australia,Mobile,Books,3,34,3,474,26-35
CUST_151,Male,33,Australia,Desktop,Books,115,41,2,354,26-35
CUST_152,Male,41,Pakistan,Desktop,Electronics,114,29,6,1154,36-45
CUST_153,Male,36,USA,Desktop,Beauty,62,14,9,1337,36-45
CUST_154,Male,25,Australia,Mobile,Electronics,106,36,7,1258,18-25
CUST_155,Male,48,USA,Desktop,Beauty,64,36,5,1488,46-55
CUST_156,Female,38,USA,Tablet,Home,102,15,2,1373,36-45
CUST_157,Male,34,India,Tablet,Books,45,8,5,314,26-35
CUST_158,Female,40,USA,Mobile,Electronics,106,26,1,1048,36-45
CUST_159,Male,54,Pakistan,Tablet,Home,82,36,6,1006,46-55
CUST_160,Female,33,UK,Mobile,Books,58,48,9,273,26-35
CUST_161,Male,23,UK,Desktop,Beauty,20,21,6,1031,18-25
CUST_162,Male,25,Canada,Desktop,Books,58,28,3,774,18-25
CUST_163,Female,42,Australia,Desktop,Home,112,4,7,20,36-45
CUST_164,Female,35,Pakistan,Tablet,Electronics,89,16,3,610,26-35
CUST_165,Female,42,USA,Mobile,Electronics,57,22,6,1386,36-45
CUST_166,Male,29,UK,Desktop,Books,102,12,3,817,26-35
CUST_167,Female,32,Pakistan,Mobile,Home,77,16,4,1161,26-35
CUST_168,Male,43,UK,Desktop,Clothing,68,40,6,1340,36-45
CUST_169,Male,58,USA,Tablet,Beauty,119,38,9,486,56-65
CUST_170,Female,62,UK,Tablet,Beauty,78,42,2,899,56-65
CUST_171,Female,43,Australia,Mobile,Home,97,37,9,1333,36-45
CUST_172,Male,64,Australia,Tablet,Clothing,92,29,4,273,56-65
CUST_173,Male,49,Canada,Tablet,Electronics,52,18,2,418,46-55
CUST_174,Female,27,Canada,Mobile,Sports,37,10,4,29,26-35
CUST_175,Female,33,UK,Desktop,Sports,8,42,2,320,26-35
CUST_176,Female,24,Pakistan,Tablet,Home,44,39,9,575,18-25
CUST_177,Male,34,Australia,Mobile,Clothing,98,18,6,729,26-35
CUST_178,Male,40,Pakistan,Tablet,Clothing,108,1,0,1012,36-45
CUST_179,Male,43,Pakistan,Tablet,Beauty,5,39,8,1304,36-45
CUST_180,Male,38,UK,Tablet,Electronics,118,21,8,393,36-45
CUST_181,Male,39,Pakistan,Tablet,Books,69,1,4,726,36-45
CUST_182,Male,24,Australia,Mobile,Clothing,31,15,8,448,18-25
CUST_183,Female,31,USA,Mobile,Books,45,4,9,1003,26-35
CUST_184,Male,32,Canada,Mobile,Sports,9,20,5,1455,26-35
CUST_185,Male,24,USA,Tablet,Books,106,10,4,1085,18-25
CUST_186,Male,26,Pakistan,Tablet,Electronics,32,23,2,701,26-35
CUST_187,Female,25,USA,Tablet,Electronics,33,41,7,975,18-25
CUST_188,Male,40,Australia,Mobile,Books,67,34,3,725,36-45
CUST_189,Male,46,Australia,Tablet,Home,30,46,9,372,46-55
CUST_190,Female,35,Pakistan,Desktop,Clothing,114,48,2,346,26-35
CUST_191,Male,48,UK,Tablet,Home,76,33,5,308,46-55
CUST_192,Male,47,USA,Desktop,Books,29,34,7,768,46-55
CUST_193,Male,56,UK,Tablet,Clothing,3,39,8,1402,56-65
CUST_194,Male,52,UK,Mobile,Beauty,90,10,5,820,46-55
CUST_195,Male,35,India,Tablet,Home,57,20,4,116,26-35
CUST_196,Female,59,Pakistan,Desktop,Home,30,1,1,882,56-65
CUST_197,Female,56,Canada,Desktop,Books,9,13,1,1034,56-65
CUST_198,Female,34,Australia,Tablet,Sports,26,1,8,934,26-35
CUST_199,Male,31,Australia,Desktop,Books,2,5,1,707,26-35
CUST_200,Male,48,Pakistan,Desktop,Home,62,16,1,850,46-55
CUST_201,Male,41,Canada,Mobile,Clothing,3,15,2,948,36-45
CUST_202,Female,52,Australia,Tablet,Sports,46,49,2,283,46-55
CUST_203,Male,61,Pakistan,Tablet,Books,68,28,3,386,56-65
CUST_204,Male,62,Australia,Tablet,Books,25,31,6,17,56-65
CUST_205,Female,51,UK,Desktop,Home,51,23,8,307,46-55
CUST_206,Male,20,USA,Tablet,Home,13,48,1,164,18-25
CUST_207,Female,54,USA,Tablet,Beauty,103,45,3,158,46-55
CUST_208,Female,60,Australia,Mobile,Books,44,43,8,758,56-65
CUST_209,Female,57,India,Mobile,Home,35,17,1,185,56-65
CUST_210,Male,43,Canada,Mobile,Electronics,55,49,9,1208,36-45
CUST_211,Male,40,Canada,Desktop,Sports,87,34,0,381,36-45
CUST_212,Male,61,Canada,Tablet,Electronics,9,13,9,780,56-65
CUST_213,Male,56,UK,Mobile,Sports,2,14,7,1196,56-65
CUST_214,Male,32,Canada,Mobile,Books,61,11,8,1242,26-35
CUST_215,Male,21,USA,Mobile,Beauty,118,28,6,1178,18-25
CUST_216,Male,46,UK,Tablet,Home,41,42,7,20,46-55
CUST_217,Female,39,Pakistan,Tablet,Home,44,32,3,1119,36-45
CUST_218,Male,42,Canada,Tablet,Home,64,35,3,1148,36-45
CUST_219,Female,30,Canada,Desktop,Books,31,31,1,257,26-35
CUST_220,Male,35,Pakistan,Desktop,Sports,108,17,7,1088,26-35
CUST_221,Male,50,Canada,Mobile,Home,47,47,1,1294,46-55
CUST_222,Male,33,Pakistan,Tablet,Electronics,2,9,8,1437,26-35
CUST_223,Female,62,UK,Mobile,Home,96,10,3,35,56-65
CUST_224,Female,59,USA,Tablet,Books,82,8,0,1049,56-65
CUST_225,Female,61,Pakistan,Tablet,Beauty,77,21,3,735,56-65
CUST_226,Female,19,India,Tablet,Electronics,110,13,2,293,18-25
CUST_227,Male,52,Pakistan,Desktop,Home,69,5,5,502,46-55
CUST_228,Female,59,Canada,Desktop,Home,58,6,6,1433,56-65
CUST_229,Male,51,UK,Tablet,Clothing,106,30,7,552,46-55
CUST_230,Male,47,Australia,Mobile,Sports,44,31,1,965,46-55
CUST_231,Female,30,UK,Tablet,Electronics,74,17,5,136,26-35
CUST_232,Female,30,Australia,Tablet,Clothing,56,11,5,1352,26-35
CUST_233,Female,35,Pakistan,Mobile,Beauty,43,20,9,862,26-35
CUST_234,Female,49,USA,Tablet,Sports,89,48,4,1160,46-55
CUST_235,Female,49,India,Mobile,Electronics,34,9,9,525,46-55
CUST_236,Female,52,UK,Desktop,Home,101,2,9,34,46-55
CUST_237,Female,56,Canada,Desktop,Electronics,30,37,6,631,56-65
CUST_238,Female,63,Australia,Mobile,Home,71,1,2,1329,56-65
CUST_239,Male,46,Canada,Desktop,Sports,70,4,3,8,46-55
CUST_240,Female,46,USA,Desktop,Home,118,36,9,1353,46-55
CUST_241,Female,61,Australia,Mobile,Beauty,55,25,8,513,56-65
CUST_242,Male,33,UK,Desktop,Books,67,3,3,1265,26-35
CUST_243,Female,61,Pakistan,Tablet,Home,13,9,2,20,56-65
CUST_244,Male,64,Canada,Tablet,Beauty,3,22,1,1001,56-65
CUST_245,Male,27,USA,Mobile,Books,26,23,4,1474,26-35
CUST_246,Female,47,UK,Desktop,Sports,57,12,3,960,46-55
CUST_247,Male,42,UK,Tablet,Sports,24,10,7,1258,36-45
CUST_248,Male,56,UK,Tablet,Electronics,53,34,6,1135,56-65
CUST_249,Male,37,UK,Desktop,Beauty,70,43,5,1417,36-45
CUST_250,Male,22,Australia,Desktop,Beauty,43,10,1,267,18-25
CUST_251,Female,18,UK,Tablet,Clothing,60,30,2,1093,18-25
CUST_252,Male,47,Canada,Tablet,Clothing,58,22,9,269,46-55
CUST_253,Female,20,USA,Mobile,Books,49,6,8,1366,18-25
CUST_254,Male,62,Australia,Mobile,Books,42,2,8,1329,56-65
CUST_255,Male,31,UK,Tablet,Clothing,76,30,4,382,26-35
CUST_256,Male,47,India,Mobile,Books,113,2,2,1203,46-55
CUST_257,Male,21,India,Tablet,Home,100,32,1,967,18-25
CUST_258,Female,35,USA,Tablet,Clothing,66,42,7,1180,26-35
CUST_259,Female,54,Pakistan,Mobile,Beauty,11,16,5,480,46-55
CUST_260,Male,42,Pakistan,Mobile,Home,103,12,9,1294,36-45
CUST_261,Male,18,Australia,Desktop,Books,98,1,6,333,18-25
CUST_262,Female,63,Australia,Desktop,Sports,90,8,0,1191,56-65
CUST_263,Male,32,Australia,Desktop,Electronics,18,48,0,442,26-35
CUST_264,Male,26,Pakistan,Tablet,Clothing,85,13,9,1371,26-35
CUST_265,Male,32,India,Mobile,Sports,100,15,1,1395,26-35
CUST_266,Female,41,Pakistan,Tablet,Books,104,44,9,1493,36-45
CUST_267,Female,21,Canada,Mobile,Beauty,52,8,2,1227,18-25
CUST_268,Female,29,UK,Tablet,Electronics,46,10,0,20,26-35
CUST_269,Male,54,Australia,Desktop,Sports,44,46,4,1324,46-55
CUST_270,Male,54,India,Desktop,Electronics,22,5,2,872,46-55
CUST_271,Female,60,USA,Desktop,Clothing,53,19,0,515,56-65
CUST_272,Female,23,USA,Tablet,Books,59,47,7,988,18-25
CUST_273,Female,56,UK,Mobile,Beauty,94,38,5,1267,56-65
CUST_274,Female,63,India,Mobile,Books,114,11,8,585,56-65
CUST_275,Male,41,Pakistan,Desktop,Electronics,107,43,2,1329,36-45
CUST_276,Female,28,Pakistan,Desktop,Sports,30,20,8,10,26-35
CUST_277,Male,30,Canada,Desktop,Clothing,8,20,8,1248,26-35
CUST_278,Female,51,Canada,Desktop,Clothing,98,21,0,1023,46-55
CUST_279,Male,42,Pakistan,Mobile,Books,57,18,2,1481,36-45
CUST_280,Female,24,USA,Tablet,Sports,111,10,5,1461,18-25
CUST_281,Female,21,Australia,Tablet,Sports,73,34,7,811,18-25
CUST_282,Female,25,USA,Tablet,Electronics,115,26,3,1414,18-25
CUST_283,Female,37,Canada,Tablet,Books,20,30,4,623,36-45
CUST_284,Male,46,UK,Desktop,Books,104,9,8,1323,46-55
CUST_285,Female,62,Pakistan,Desktop,Home,25,46,5,1146,56-65
CUST_286,Male,63,Canada,Desktop,Books,19,31,6,409,56-65
CUST_287,Male,27,Canada,Tablet,Clothing,5,42,6,1001,26-35
CUST_288,Male,60,Australia,Desktop,Electronics,75,4,3,598,56-65
CUST_289,Male,51,Pakistan,Desktop,Sports,79,6,3,570,46-55
CUST_290,Female,43,Australia,Mobile,Books,72,14,3,756,36-45
CUST_291,Male,58,Pakistan,Mobile,Electronics,83,4,4,16,56-65
CUST_292,Male,20,Australia,Desktop,Books,87,26,4,1237,18-25
CUST_293,Male,23,USA,Mobile,Sports,27,47,7,169,18-25
CUST_294,Female,22,UK,Mobile,Beauty,40,48,8,882,18-25
CUST_295,Female,22,UK,Desktop,Sports,96,39,1,1322,18-25
CUST_296,Female,64,Pakistan,Desktop,Sports,26,17,6,82,56-65
CUST_297,Female,40,India,Desktop,Sports,27,19,0,1462,36-45
CUST_298,Male,26,Canada,Desktop,Books,62,49,0,618,26-35
CUST_299,Male,52,Canada,Tablet,Home,83,6,3,873,46-55
CUST_300,Female,37,Pakistan,Tablet,Sports,50,29,9,816,36-45
CUST_301,Male,59,Australia,Desktop,Clothing,42,11,6,1105,56-65
CUST_302,Male,52,India,Mobile,Clothing,29,16,1,1076,46-55
CUST_303,Male,35,USA,Desktop,Electronics,39,30,1,771,26-35
CUST_304,Female,34,Australia,Desktop,Home,60,25,0,86,26-35
CUST_305,Female,41,Australia,Mobile,Electronics,41,40,9,213,36-45
CUST_306,Male,20,Pakistan,Tablet,Clothing,33,11,1,1473,18-25
CUST_307,Female,49,Pakistan,Desktop,Clothing,83,7,6,526,46-55
CUST_308,Female,52,Canada,Desktop,Beauty,101,26,8,1057,46-55
CUST_309,Female,55,Pakistan,Tablet,Sports,83,22,5,1332,46-55
CUST_310,Female,30,Pakistan,Tablet,Clothing,97,25,9,998,26-35
CUST_311,Female,64,Pakistan,Mobile,Books,111,19,1,469,56-65
CUST_312,Male,42,Canada,Tablet,Books,16,31,9,1474,36-45
CUST_313,Female,26,USA,Tablet,Electronics,23,26,9,632,26-35
CUST_314,Male,21,USA,Tablet,Electronics,7,42,8,785,18-25
CUST_315,Male,31,Pakistan,Mobile,Sports,26,41,6,1456,26-35
CUST_316,Female,54,Canada,Tablet,Sports,96,36,0,563,46-55
CUST_317,Male,51,USA,Tablet,Beauty,12,23,8,1387,46-55
CUST_318,Male,28,Australia,Mobile,Home,72,47,1,964,26-35
CUST_319,Male,58,USA,Tablet,Electronics,5,13,3,95,56-65
CUST_320,Female,20,USA,Tablet,Sports,106,25,8,1081,18-25
CUST_321,Female,45,Canada,Mobile,Electronics,92,2,3,864,36-45
CUST_322,Male,46,Australia,Desktop,Sports,117,2,2,1232,46-55
CUST_323,Female,26,Canada,Mobile,Clothing,69,16,0,560,26-35
CUST_324,Female,20,Pakistan,Tablet,Electronics,49,9,6,160,18-25
CUST_325,Female,42,UK,Tablet,Clothing,26,28,5,6,36-45
CUST_326,Female,51,USA,Tablet,Electronics,5,13,9,1385,46-55
CUST_327,Male,29,UK,Mobile,Home,22,35,3,829,26-35
CUST_328,Male,59,Canada,Tablet,Beauty,79,41,5,806,56-65
CUST_329,Female,26,Canada,Tablet,Books,13,13,5,987,26-35
CUST_330,Female,32,Canada,Mobile,Books,28,31,3,1086,26-35
CUST_331,Male,57,UK,Desktop,Books,33,21,5,1282,56-65
CUST_332,Male,42,Canada,Desktop,Clothing,107,32,9,1208,36-45
CUST_333,Female,22,Pakistan,Tablet,Sports,23,34,7,497,18-25
CUST_334,Male,28,Canada,Mobile,Books,97,8,2,673,26-35
CUST_335,Female,51,India,Tablet,Home,107,41,3,1063,46-55
CUST_336,Female,41,UK,Mobile,Books,18,48,9,79,36-45
CUST_337,Male,32,India,Mobile,Electronics,114,2,0,948,26-35
CUST_338,Male,55,Canada,Desktop,Clothing,117,38,3,1317,46-55
CUST_339,Female,25,Pakistan,Desktop,Electronics,30,32,9,375,18-25
CUST_340,Female,22,USA,Mobile,Electronics,26,40,9,591,18-25
CUST_341,Male,43,Australia,Tablet,Electronics,16,28,8,333,36-45
CUST_342,Female,35,Australia,Desktop,Beauty,77,37,7,594,26-35
CUST_343,Male,23,Canada,Tablet,Beauty,39,41,3,781,18-25
CUST_344,Female,54,Pakistan,Desktop,Sports,33,1,6,308,46-55
CUST_345,Male,30,UK,Desktop,Clothing,26,41,9,583,26-35
CUST_346,Male,45,India,Tablet,Home,48,10,2,225,36-45
CUST_347,Male,22,India,Desktop,Home,65,4,8,983,18-25
CUST_348,Female,30,India,Desktop,Home,113,35,9,1192,26-35
CUST_349,Female,34,UK,Tablet,Electronics,38,10,3,1483,26-35
CUST_350,Male,57,Australia,Desktop,Beauty,2,47,1,379,56-65
CUST_351,Female,62,Pakistan,Desktop,Clothing,113,11,9,1248,56-65
CUST_352,Male,49,UK,Desktop,Electronics,6,14,4,1282,46-55
CUST_353,Male,46,India,Tablet,Beauty,46,38,1,192,46-55
CUST_354,Female,20,Canada,Mobile,Beauty,50,12,9,1219,18-25
CUST_355,Female,57,USA,Tablet,Books,38,45,5,1417,56-65
CUST_356,Male,51,UK,Mobile,Books,106,17,9,1243,46-55
CUST_357,Female,57,UK,Desktop,Clothing,88,16,0,1403,56-65
CUST_358,Female,44,Pakistan,Mobile,Clothing,18,35,5,1114,36-45
CUST_359,Male,30,Pakistan,Tablet,Clothing,27,2,3,478,26-35
CUST_360,Male,62,UK,Tablet,Electronics,41,11,2,848,56-65
CUST_361,Female,50,India,Desktop,Sports,72,41,1,535,46-55
CUST_362,Male,23,USA,Mobile,Clothing,92,3,6,1075,18-25
CUST_363,Male,41,Pakistan,Desktop,Books,74,29,8,1093,36-45
CUST_364,Female,36,India,Desktop,Sports,17,18,2,967,36-45
CUST_365,Male,33,Canada,Tablet,Electronics,119,20,5,479,26-35
CUST_366,Male,57,Pakistan,Mobile,Sports,62,47,8,1174,56-65
CUST_367,Female,45,India,Mobile,Home,29,14,1,950,36-45
CUST_368,Female,50,India,Mobile,Sports,58,34,6,1410,46-55
CUST_369,Male,58,USA,Mobile,Clothing,70,49,4,1094,56-65
CUST_370,Male,30,USA,Desktop,Electronics,78,31,4,521,26-35
CUST_371,Female,60,Canada,Desktop,Clothing,22,40,6,1121,56-65
CUST_372,Female,62,India,Tablet,Books,118,42,8,430,56-65
CUST_373,Female,42,Australia,Desktop,Home,6,18,3,1496,36-45
CUST_374,Female,59,India,Desktop,Books,26,30,8,1122,56-65
CUST_375,Male,53,USA,Tablet,Clothing,39,25,9,137,46-55
CUST_376,Female,44,Australia,Tablet,Clothing,12,19,8,1462,36-45
CUST_377,Female,55,Pakistan,Tablet,Clothing,99,8,3,1369,46-55
CUST_378,Male,24,Pakistan,Desktop,Beauty,14,28,2,318,18-25
CUST_379,Female,22,UK,Desktop,Home,22,8,1,595,18-25
CUST_380,Male,60,USA,Tablet,Clothing,51,31,8,1240,56-65
CUST_381,Female,62,UK,Tablet,Clothing,23,3,1,1013,56-65
CUST_382,Female,48,Australia,Tablet,Books,48,3,5,163,46-55
CUST_383,Female,40,USA,Desktop,Books,71,44,4,1296,36-45
CUST_384,Male,59,Canada,Desktop,Clothing,104,22,4,665,56-65
CUST_385,Male,27,India,Mobile,Electronics,50,17,3,752,26-35
CUST_386,Female,49,Canada,Desktop,Beauty,89,36,5,805,46-55
CUST_387,Male,60,Australia,Desktop,Books,13,17,4,414,56-65
CUST_388,Male,47,USA,Desktop,Electronics,85,14,3,1384,46-55
CUST_389,Male,56,Australia,Tablet,Beauty,105,9,8,684,56-65
CUST_390,Male,48,India,Desktop,Clothing,10,30,5,1221,46-55
CUST_391,Male,35,Pakistan,Tablet,Home,117,21,9,1299,26-35
CUST_392,Male,53,Pakistan,Mobile,Sports,55,12,9,118,46-55
CUST_393,Female,19,Australia,Mobile,Sports,9,37,9,901,18-25
CUST_394,Female,31,UK,Tablet,Clothing,79,32,2,1083,26-35
CUST_395,Male,30,USA,Tablet,Books,52,11,9,69,26-35
CUST_396,Female,46,USA,Tablet,Electronics,2,20,5,688,46-55
CUST_397,Female,29,Pakistan,Desktop,Home,25,35,0,1300,26-35
CUST_398,Female,56,Canada,Mobile,Beauty,13,47,4,1390,56-65
CUST_399,Female,19,India,Tablet,Clothing,98,46,9,150,18-25
CUST_400,Male,49,Canada,Desktop,Home,51,11,5,947,46-55
CUST_401,Female,30,Canada,Mobile,Home,58,8,7,1237,26-35
CUST_402,Female,63,Australia,Desktop,Books,34,4,8,1314,56-65
CUST_403,Male,44,Pakistan,Mobile,Beauty,35,27,2,1038,36-45
CUST_404,Male,58,Pakistan,Desktop,Home,102,44,1,743,56-65
CUST_405,Female,34,Pakistan,Mobile,Books,3,40,3,190,26-35
CUST_406,Female,57,Australia,Mobile,Electronics,106,38,7,1492,56-65
CUST_407,Female,48,UK,Desktop,Books,59,47,7,1162,46-55
CUST_408,Female,51,Canada,Tablet,Electronics,70,30,2,839,46-55
CUST_409,Female,41,Australia,Mobile,Electronics,119,44,3,813,36-45
CUST_410,Female,62,USA,Tablet,Home,48,48,2,175,56-65
CUST_411,Male,52,India,Desktop,Books,64,48,9,217,46-55
CUST_412,Female,23,UK,Tablet,Electronics,113,27,1,31,18-25
CUST_413,Female,36,USA,Tablet,Beauty,19,21,3,1018,36-45
CUST_414,Male,47,Canada,Tablet,Home,67,20,5,1096,46-55
CUST_415,Male,24,Pakistan,Tablet,Books,82,4,4,794,18-25
CUST_416,Male,27,Canada,Tablet,Books,103,11,2,412,26-35
CUST_417,Male,58,Australia,Mobile,Sports,73,13,1,1137,56-65
CUST_418,Female,49,India,Mobile,Books,116,9,8,78,46-55
CUST_419,Female,51,Australia,Mobile,Home,76,4,0,582,46-55
CUST_420,Female,45,UK,Desktop,Beauty,5,12,8,684,36-45
CUST_421,Female,32,UK,Tablet,Books,67,9,0,1290,26-35
CUST_422,Female,47,India,Mobile,Sports,11,13,6,1396,46-55
CUST_423,Female,54,USA,Desktop,Home,94,48,5,790,46-55
CUST_424,Male,46,USA,Mobile,Electronics,68,26,6,853,46-55
CUST_425,Female,39,UK,Mobile,Clothing,69,38,2,874,36-45
CUST_426,Male,21,UK,Tablet,Clothing,1,42,2,241,18-25
CUST_427,Male,37,Pakistan,Desktop,Electronics,91,13,0,731,36-45
CUST_428,Female,49,USA,Tablet,Books,92,39,3,1394,46-55
CUST_429,Male,53,India,Tablet,Clothing,63,28,1,1314,46-55
CUST_430,Female,21,USA,Mobile,Clothing,29,19,9,382,18-25
CUST_431,Male,44,Pakistan,Tablet,Electronics,82,24,7,665,36-45
CUST_432,Female,34,Australia,Desktop,Books,12,19,2,834,26-35
CUST_433,Male,29,UK,Tablet,Books,77,49,6,910,26-35
CUST_434,Female,39,UK,Tablet,Electronics,41,13,6,380,36-45
CUST_435,Female,34,Pakistan,Tablet,Books,2,13,8,623,26-35
CUST_436,Female,27,India,Mobile,Books,37,28,5,657,26-35
CUST_437,Female,18,UK,Desktop,Home,45,2,0,1104,18-25
CUST_438,Female,39,Canada,Mobile,Home,80,10,7,1037,36-45
CUST_439,Male,43,UK,Mobile,Electronics,48,22,0,200,36-45
CUST_440,Male,35,Canada,Mobile,Beauty,24,13,2,811,26-35
CUST_441,Male,31,Pakistan,Mobile,Clothing,99,9,4,897,26-35
CUST_442,Female,64,Pakistan,Mobile,Home,22,33,7,1318,56-65
CUST_443,Male,46,UK,Desktop,Clothing,100,14,8,1089,46-55
CUST_444,Female,29,USA,Tablet,Sports,11,48,6,941,26-35
CUST_445,Female,53,Canada,Mobile,Electronics,119,20,8,1417,46-55
CUST_446,Male,52,India,Mobile,Beauty,58,15,2,851,46-55
CUST_447,Male,29,UK,Desktop,Sports,46,32,4,822,26-35
CUST_448,Female,24,India,Desktop,Sports,29,33,9,568,18-25
CUST_449,Male,46,UK,Tablet,Books,35,17,7,638,46-55
CUST_450,Female,28,USA,Desktop,Sports,112,24,0,683,26-35
CUST_451,Female,50,USA,Tablet,Electronics,118,30,7,1022,46-55
CUST_452,Female,23,USA,Mobile,Home,15,13,6,12,18-25
CUST_453,Female,64,Australia,Mobile,Electronics,60,47,0,1397,56-65
CUST_454,Female,32,USA,Tablet,Home,95,48,9,1073,26-35
CUST_455,Male,49,Pakistan,Desktop,Sports,42,16,9,348,46-55
CUST_456,Male,28,Pakistan,Tablet,Sports,105,2,5,800,26-35
CUST_457,Female,40,Australia,Desktop,Beauty,43,17,0,1403,36-45
CUST_458,Female,43,Canada,Mobile,Home,80,32,1,1055,36-45
CUST_459,Male,51,India,Desktop,Sports,74,43,4,1221,46-55
CUST_460,Male,63,UK,Tablet,Books,49,8,1,853,56-65
CUST_461,Female,51,UK,Tablet,Clothing,64,3,9,1385,46-55
CUST_462,Male,46,Australia,Mobile,Beauty,32,12,0,66,46-55
CUST_463,Female,21,Pakistan,Desktop,Electronics,64,20,5,1090,18-25
CUST_464,Male,34,UK,Desktop,Beauty,115,16,7,426,26-35
CUST_465,Female,52,Pakistan,Desktop,Clothing,2,14,7,637,46-55
CUST_466,Male,30,Canada,Mobile,Home,24,16,7,796,26-35
CUST_467,Female,58,India,Desktop,Electronics,87,49,5,555,56-65
CUST_468,Male,56,Canada,Tablet,Electronics,66,43,2,1408,56-65
CUST_469,Male,32,Australia,Desktop,Home,38,49,0,1305,26-35
CUST_470,Female,46,USA,Mobile,Beauty,31,33,1,610,46-55
CUST_471,Male,46,USA,Desktop,Sports,115,30,4,1459,46-55
CUST_472,Female,28,USA,Desktop,Beauty,104,12,9,1143,26-35
CUST_473,Male,49,Canada,Tablet,Clothing,26,15,4,1149,46-55
CUST_474,Female,19,UK,Desktop,Books,29,18,9,529,18-25
CUST_475,Male,64,India,Tablet,Sports,67,28,0,903,56-65
CUST_476,Female,31,USA,Tablet,Beauty,78,23,0,1444,26-35
CUST_477,Male,37,Australia,Mobile,Books,25,14,8,167,36-45
CUST_478,Female,39,Australia,Tablet,Books,48,30,1,791,36-45
CUST_479,Male,28,USA,Tablet,Home,65,33,6,914,26-35
CUST_480,Female,44,USA,Mobile,Clothing,53,45,9,986,36-45
CUST_481,Female,20,India,Tablet,Clothing,67,15,3,1365,18-25
CUST_482,Female,34,USA,Mobile,Clothing,118,7,6,383,26-35
CUST_483,Male,61,India,Desktop,Sports,90,15,7,1352,56-65
CUST_484,Female,45,Australia,Mobile,Electronics,18,42,4,177,36-45
CUST_485,Male,46,USA,Tablet,Sports,9,46,0,1004,46-55
CUST_486,Female,38,Canada,Mobile,Beauty,38,38,3,68,36-45
CUST_487,Male,64,Canada,Tablet,Books,87,46,9,1129,56-65
CUST_488,Female,33,Australia,Desktop,Books,21,44,2,1350,26-35
CUST_489,Male,54,India,Mobile,Electronics,65,11,9,979,46-55
CUST_490,Male,37,Canada,Desktop,Beauty,21,29,4,70,36-45
CUST_491,Female,23,India,Tablet,Electronics,27,31,9,462,18-25
CUST_492,Male,36,Canada,Tablet,Books,106,25,9,457,36-45
CUST_493,Male,22,Canada,Desktop,Sports,70,24,5,1287,18-25
CUST_494,Female,20,India,Mobile,Clothing,119,19,1,1454,18-25
CUST_495,Male,18,UK,Mobile,Books,44,2,6,983,18-25
CUST_496,Male,55,Canada,Tablet,Home,100,22,2,182,46-55
CUST_497,Male,32,USA,Desktop,Clothing,28,20,0,284,26-35
CUST_498,Female,51,Australia,Desktop,Books,45,33,9,348,46-55
CUST_499,Male,52,UK,Mobile,Sports,17,8,2,1045,46-55
CUST_500,Female,42,India,Mobile,Electronics,40,25,8,300,36-45
CUST_501,Male,41,UK,Mobile,Clothing,116,46,9,206,36-45
CUST_502,Male,29,Pakistan,Desktop,Sports,3,9,5,966,26-35
CUST_503,Male,35,Pakistan,Mobile,Beauty,76,34,5,688,26-35
CUST_504,Female,32,Canada,Mobile,Home,103,23,3,1222,26-35
CUST_505,Male,61,Canada,Tablet,Clothing,76,5,7,1177,56-65
CUST_506,Male,33,USA,Mobile,Electronics,66,25,4,379,26-35
CUST_507,Female,44,Australia,Mobile,Beauty,46,8,6,39,36-45
CUST_508,Male,25,UK,Desktop,Sports,86,16,8,1397,18-25
CUST_509,Female,63,Pakistan,Desktop,Home,87,48,4,33,56-65
CUST_510,Female,42,Canada,Tablet,Electronics,30,45,4,779,36-45
CUST_511,Male,34,Australia,Mobile,Sports,69,15,3,225,26-35
CUST_512,Female,46,UK,Tablet,Sports,9,1,5,57,46-55
CUST_513,Male,25,Canada,Desktop,Clothing,85,22,1,795,18-25
CUST_514,Female,32,Canada,Tablet,Clothing,11,3,2,1381,26-35
CUST_515,Female,44,Pakistan,Desktop,Electronics,69,38,0,1420,36-45
CUST_516,Male,63,Pakistan,Tablet,Books,99,14,1,80,56-65
CUST_517,Female,24,Canada,Tablet,Books,91,36,1,498,18-25
CUST_518,Female,20,India,Mobile,Sports,113,18,7,121,18-25
CUST_519,Female,46,Canada,Tablet,Clothing,66,47,7,284,46-55
CUST_520,Female,61,Australia,Mobile,Home,88,41,1,1203,56-65
CUST_521,Female,41,Canada,Mobile,Home,31,18,5,750,36-45
CUST_522,Male,20,USA,Mobile,Sports,33,3,4,953,18-25
CUST_523,Female,37,USA,Mobile,Clothing,39,10,2,768,36-45
CUST_524,Male,63,USA,Tablet,Electronics,94,49,4,299,56-65
CUST_525,Female,32,India,Desktop,Electronics,46,39,4,1022,26-35
CUST_526,Male,42,India,Desktop,Electronics,37,47,4,1479,36-45
CUST_527,Male,47,Canada,Desktop,Home,115,1,2,1049,46-55
CUST_528,Female,31,USA,Tablet,Clothing,92,27,2,1101,26-35
CUST_529,Female,24,India,Mobile,Clothing,60,27,3,846,18-25
CUST_530,Female,34,Pakistan,Desktop,Home,31,11,6,1064,26-35
CUST_531,Male,61,Canada,Tablet,Electronics,11,49,1,1261,56-65
CUST_532,Female,37,Australia,Mobile,Electronics,87,5,9,501,36-45
CUST_533,Male,53,UK,Desktop,Sports,2,7,3,210,46-55
CUST_534,Male,26,Canada,Mobile,Books,104,19,3,430,26-35
CUST_535,Male,55,UK,Desktop,Beauty,105,29,0,48,46-55
CUST_536,Female,39,USA,Desktop,Books,27,15,9,1119,36-45
CUST_537,Female,19,UK,Desktop,Clothing,99,35,7,1498,18-25
CUST_538,Male,41,USA,Mobile,Clothing,2,47,0,609,36-45
CUST_539,Male,25,Pakistan,Tablet,Clothing,103,37,7,1495,18-25
CUST_540,Female,28,UK,Mobile,Books,101,12,6,458,26-35
CUST_541,Male,30,Canada,Desktop,Beauty,21,30,8,599,26-35
CUST_542,Female,34,USA,Mobile,Sports,58,20,7,1361,26-35
CUST_543,Male,25,Canada,Tablet,Books,5,37,4,511,18-25
CUST_544,Female,38,India,Mobile,Beauty,52,3,7,798,36-45
CUST_545,Male,35,USA,Tablet,Electronics,45,9,9,1498,26-35
CUST_546,Female,47,UK,Tablet,Electronics,85,41,2,25,46-55
CUST_547,Male,35,USA,Mobile,Clothing,93,39,9,1256,26-35
CUST_548,Female,63,Canada,Desktop,Home,20,26,6,1404,56-65
CUST_549,Female,64,Pakistan,Tablet,Clothing,61,2,3,1158,56-65
CUST_550,Male,48,USA,Mobile,Home,38,23,4,624,46-55
CUST_551,Male,55,UK,Tablet,Beauty,20,23,8,418,46-55
CUST_552,Female,49,India,Desktop,Electronics,114,21,6,1099,46-55
CUST_553,Male,28,Australia,Mobile,Books,25,16,3,1432,26-35
CUST_554,Female,62,Pakistan,Mobile,Home,2,9,5,1425,56-65
CUST_555,Male,42,India,Mobile,Beauty,32,13,9,341,36-45
CUST_556,Female,50,USA,Desktop,Electronics,26,28,6,914,46-55
CUST_557,Female,55,Canada,Tablet,Books,70,27,9,280,46-55
CUST_558,Female,58,Canada,Mobile,Home,41,17,8,896,56-65
CUST_559,Female,25,UK,Tablet,Clothing,67,38,3,17,18-25
CUST_560,Female,28,Canada,Tablet,Clothing,97,36,9,1031,26-35
CUST_561,Female,39,Pakistan,Desktop,Clothing,1,1,2,982,36-45
CUST_562,Male,41,Canada,Mobile,Beauty,51,18,7,1252,36-45
CUST_563,Male,58,UK,Tablet,Clothing,5,9,0,978,56-65
CUST_564,Male,34,Australia,Mobile,Sports,13,13,8,179,26-35
CUST_565,Female,29,USA,Mobile,Electronics,19,40,0,1413,26-35
CUST_566,Female,63,USA,Desktop,Beauty,12,45,1,245,56-65
CUST_567,Female,49,Canada,Mobile,Books,48,15,7,551,46-55
CUST_568,Female,32,India,Mobile,Clothing,25,43,8,18,26-35
CUST_569,Male,33,USA,Tablet,Electronics,57,44,6,1223,26-35
CUST_570,Male,39,Australia,Desktop,Home,115,46,2,1425,36-45
CUST_571,Female,45,Canada,Mobile,Clothing,35,4,6,1459,36-45
CUST_572,Male,37,UK,Tablet,Electronics,76,33,5,1334,36-45
CUST_573,Male,50,Australia,Desktop,Sports,94,24,1,1362,46-55
CUST_574,Female,27,Canada,Desktop,Home,5,36,2,729,26-35
CUST_575,Male,57,Australia,Tablet,Sports,98,41,9,1438,56-65
CUST_576,Female,49,USA,Tablet,Books,22,10,9,7,46-55
CUST_577,Male,50,UK,Tablet,Electronics,103,36,4,695,46-55
CUST_578,Female,19,Canada,Tablet,Sports,77,20,9,1480,18-25
CUST_579,Female,50,Pakistan,Tablet,Books,57,41,3,751,46-55
CUST_580,Female,50,UK,Mobile,Electronics,47,45,1,773,46-55
CUST_581,Female,58,Pakistan,Mobile,Electronics,54,44,3,876,56-65
CUST_582,Male,30,Australia,Desktop,Sports,3,11,7,499,26-35
CUST_583,Female,47,India,Mobile,Electronics,53,12,4,421,46-55
CUST_584,Female,50,UK,Mobile,Clothing,84,18,4,1419,46-55
CUST_585,Female,30,Australia,Mobile,Electronics,31,30,9,1401,26-35
CUST_586,Male,43,Pakistan,Tablet,Beauty,69,44,2,632,36-45
CUST_587,Female,39,USA,Desktop,Books,88,48,7,1080,36-45
CUST_588,Male,56,USA,Desktop,Electronics,104,37,5,1404,56-65
CUST_589,Female,19,India,Desktop,Beauty,118,20,1,1423,18-25
CUST_590,Male,55,UK,Desktop,Electronics,33,25,1,1025,46-55
CUST_591,Male,56,UK,Mobile,Electronics,72,12,8,146,56-65
CUST_592,Female,43,UK,Mobile,Sports,88,21,6,1114,36-45
CUST_593,Male,63,Australia,Tablet,Clothing,50,25,9,1492,56-65
CUST_594,Female,32,India,Desktop,Books,84,11,8,50,26-35
CUST_595,Female,51,UK,Mobile,Clothing,16,9,5,848,46-55
CUST_596,Female,59,Australia,Mobile,Home,114,25,4,1013,56-65
CUST_597,Male,61,USA,Tablet,Sports,116,35,0,1266,56-65
CUST_598,Male,57,Pakistan,Tablet,Sports,76,32,5,14,56-65
CUST_599,Female,28,Australia,Tablet,Clothing,77,49,5,668,26-35
CUST_600,Female,20,USA,Mobile,Sports,109,14,2,577,18-25
CUST_601,Male,23,USA,Mobile,Clothing,106,1,2,653,18-25
CUST_602,Female,26,Pakistan,Tablet,Sports,39,17,2,917,26-35
CUST_603,Female,23,USA,Desktop,Electronics,89,25,2,644,18-25
CUST_604,Female,26,India,Tablet,Clothing,46,8,6,620,26-35
CUST_605,Male,56,Pakistan,Tablet,Clothing,96,5,9,702,56-65
CUST_606,Male,48,USA,Tablet,Beauty,88,5,1,913,46-55
CUST_607,Male,49,Canada,Tablet,Sports,112,41,9,182,46-55
CUST_608,Female,58,Australia,Mobile,Sports,47,35,9,873,56-65
CUST_609,Female,29,USA,Desktop,Clothing,44,19,1,1034,26-35
CUST_610,Female,25,India,Tablet,Electronics,9,23,2,857,18-25
CUST_611,Male,25,UK,Desktop,Electronics,104,9,9,311,18-25
CUST_612,Female,45,USA,Desktop,Books,114,30,6,552,36-45
CUST_613,Female,37,UK,Desktop,Electronics,87,16,2,331,36-45
CUST_614,Female,64,Canada,Tablet,Sports,50,33,6,1384,56-65
CUST_615,Female,24,USA,Mobile,Beauty,77,2,8,399,18-25
CUST_616,Male,28,Pakistan,Tablet,Clothing,60,14,9,304,26-35
CUST_617,Male,37,UK,Desktop,Home,96,46,3,753,36-45
CUST_618,Female,33,Canada,Desktop,Beauty,114,1,6,289,26-35
CUST_619,Male,21,Pakistan,Mobile,Home,15,26,8,334,18-25
CUST_620,Male,23,Pakistan,Tablet,Beauty,36,25,7,54,18-25
CUST_621,Female,39,Pakistan,Desktop,Electronics,113,16,7,777,36-45
CUST_622,Female,43,Pakistan,Mobile,Sports,63,15,8,382,36-45
CUST_623,Male,20,USA,Desktop,Home,69,26,4,1004,18-25
CUST_624,Female,58,Australia,Mobile,Beauty,86,47,4,778,56-65
CUST_625,Male,59,USA,Mobile,Sports,80,44,2,1172,56-65
CUST_626,Female,31,USA,Tablet,Home,41,16,4,1088,26-35
CUST_627,Male,28,Canada,Desktop,Clothing,74,14,7,872,26-35
CUST_628,Female,35,Canada,Tablet,Beauty,24,29,4,1103,26-35
CUST_629,Male,29,Australia,Desktop,Clothing,82,24,3,7,26-35
CUST_630,Male,40,Canada,Tablet,Electronics,49,47,7,752,36-45
CUST_631,Male,29,India,Desktop,Clothing,18,15,6,1476,26-35
CUST_632,Female,30,Australia,Tablet,Clothing,7,19,5,279,26-35
CUST_633,Male,42,Canada,Mobile,Books,4,8,4,219,36-45
CUST_634,Male,62,Australia,Desktop,Beauty,90,34,4,333,56-65
CUST_635,Female,36,USA,Desktop,Electronics,69,2,9,259,36-45
CUST_636,Female,63,USA,Mobile,Clothing,60,27,1,1415,56-65
CUST_637,Male,53,Australia,Tablet,Sports,55,10,3,130,46-55
CUST_638,Male,62,India,Desktop,Home,16,35,7,771,56-65
CUST_639,Female,25,India,Desktop,Clothing,99,23,7,1352,18-25
CUST_640,Female,46,Australia,Tablet,Electronics,90,49,0,1232,46-55
CUST_641,Female,49,Canada,Mobile,Clothing,82,8,1,1200,46-55
CUST_642,Female,61,UK,Tablet,Home,29,28,4,221,56-65
CUST_643,Female,35,India,Tablet,Electronics,23,23,8,1273,26-35
CUST_644,Male,23,Pakistan,Tablet,Beauty,117,4,9,1364,18-25
CUST_645,Female,35,USA,Desktop,Electronics,14,14,6,1326,26-35
CUST_646,Male,36,Australia,Mobile,Beauty,79,42,9,836,36-45
CUST_647,Male,39,Pakistan,Mobile,Electronics,49,29,4,186,36-45
CUST_648,Male,54,Australia,Tablet,Home,33,1,0,338,46-55
CUST_649,Female,49,USA,Desktop,Home,25,4,5,515,46-55
CUST_650,Male,58,USA,Tablet,Electronics,21,32,7,387,56-65
CUST_651,Male,20,India,Desktop,Clothing,17,33,6,1227,18-25
CUST_652,Female,45,India,Desktop,Home,23,49,1,336,36-45
CUST_653,Male,27,Pakistan,Desktop,Beauty,57,26,4,1193,26-35
CUST_654,Male,52,Australia,Desktop,Beauty,107,17,3,1270,46-55
CUST_655,Female,46,USA,Mobile,Sports,81,39,8,904,46-55
CUST_656,Male,32,Pakistan,Desktop,Books,58,23,9,646,26-35
CUST_657,Male,50,UK,Desktop,Books,14,32,0,1255,46-55
CUST_658,Male,24,Pakistan,Tablet,Books,93,15,5,638,18-25
CUST_659,Female,29,Canada,Tablet,Beauty,20,13,2,455,26-35
CUST_660,Female,47,Pakistan,Mobile,Sports,30,2,8,200,46-55
CUST_661,Female,38,Canada,Tablet,Books,19,19,4,1232,36-45
CUST_662,Male,48,Canada,Desktop,Books,53,24,5,462,46-55
CUST_663,Male,41,Canada,Tablet,Electronics,103,45,8,834,36-45
CUST_664,Female,37,UK,Mobile,Electronics,56,24,8,261,36-45
CUST_665,Male,54,Pakistan,Tablet,Electronics,77,11,7,1300,46-55
CUST_666,Male,21,Pakistan,Tablet,Clothing,82,22,8,13,18-25
CUST_667,Female,45,UK,Mobile,Books,23,15,3,765,36-45
CUST_668,Female,61,USA,Mobile,Clothing,62,10,5,953,56-65
CUST_669,Male,37,India,Desktop,Sports,110,41,4,1229,36-45
CUST_670,Male,41,Pakistan,Tablet,Beauty,33,27,4,1087,36-45
CUST_671,Male,49,India,Desktop,Books,103,9,3,891,46-55
CUST_672,Female,58,Australia,Tablet,Beauty,104,28,1,397,56-65
CUST_673,Female,53,Australia,Tablet,Electronics,18,1,5,1147,46-55
CUST_674,Female,51,UK,Desktop,Books,73,17,8,403,46-55
CUST_675,Female,53,Australia,Tablet,Home,33,31,0,335,46-55
CUST_676,Male,19,Australia,Tablet,Clothing,32,44,6,1295,18-25
CUST_677,Female,32,USA,Tablet,Clothing,61,10,5,484,26-35
CUST_678,Female,51,USA,Mobile,Books,54,37,2,138,46-55
CUST_679,Female,53,USA,Desktop,Electronics,17,29,0,920,46-55
CUST_680,Female,23,Australia,Mobile,Clothing,19,18,3,939,18-25
CUST_681,Female,56,UK,Desktop,Electronics,91,47,8,359,56-65
CUST_682,Male,59,Canada,Desktop,Sports,70,38,1,588,56-65
CUST_683,Male,29,Canada,Tablet,Beauty,99,39,2,629,26-35
CUST_684,Female,20,India,Desktop,Home,101,49,1,1135,18-25
CUST_685,Male,62,Canada,Mobile,Beauty,34,6,1,294,56-65
CUST_686,Female,35,Canada,Mobile,Beauty,84,40,9,829,26-35
CUST_687,Female,57,USA,Mobile,Sports,25,12,7,633,56-65
CUST_688,Male,38,USA,Desktop,Clothing,68,14,2,1023,36-45
CUST_689,Male,32,Australia,Mobile,Home,74,44,6,636,26-35
CUST_690,Female,50,India,Desktop,Clothing,74,10,7,1175,46-55
CUST_691,Female,52,Pakistan,Mobile,Books,88,20,2,331,46-55
CUST_692,Female,43,India,Mobile,Beauty,85,15,1,1443,36-45
CUST_693,Male,25,India,Desktop,Books,11,31,7,214,18-25
CUST_694,Female,53,UK,Mobile,Electronics,91,7,2,1324,46-55
CUST_695,Female,47,Australia,Tablet,Beauty,16,41,6,1426,46-55
CUST_696,Female,40,UK,Desktop,Clothing,90,10,0,1131,36-45
CUST_697,Male,59,India,Desktop,Beauty,61,10,5,640,56-65
CUST_698,Female,61,India,Desktop,Electronics,94,48,8,872,56-65
CUST_699,Female,31,India,Tablet,Sports,113,39,2,1237,26-35
CUST_700,Male,31,Canada,Desktop,Books,80,28,6,432,26-35
CUST_701,Female,19,UK,Mobile,Books,7,30,5,397,18-25
CUST_702,Female,54,India,Mobile,Clothing,16,37,7,830,46-55
CUST_703,Male,22,USA,Mobile,Beauty,99,3,2,920,18-25
CUST_704,Female,55,Australia,Desktop,Clothing,16,43,2,1137,46-55
CUST_705,Male,62,Australia,Mobile,Sports,40,15,3,352,56-65
CUST_706,Male,58,USA,Desktop,Beauty,12,21,2,54,56-65
CUST_707,Female,64,Australia,Mobile,Beauty,35,37,8,920,56-65
CUST_708,Female,31,Canada,Tablet,Clothing,113,12,3,1133,26-35
CUST_709,Female,56,Canada,Tablet,Clothing,21,4,5,1448,56-65
CUST_710,Female,42,Pakistan,Tablet,Electronics,50,47,7,1401,36-45
CUST_711,Male,37,Pakistan,Tablet,Sports,43,9,7,1055,36-45
CUST_712,Female,19,Pakistan,Desktop,Electronics,100,39,4,972,18-25
CUST_713,Male,56,Australia,Mobile,Books,112,42,4,804,56-65
CUST_714,Female,23,Canada,Tablet,Beauty,17,28,5,1301,18-25
CUST_715,Female,34,Canada,Desktop,Clothing,32,23,9,1021,26-35
CUST_716,Female,42,Canada,Tablet,Beauty,41,45,6,653,36-45
CUST_717,Male,45,USA,Tablet,Beauty,6,40,9,1368,36-45
CUST_718,Female,19,Canada,Desktop,Home,88,44,6,305,18-25
CUST_719,Female,52,USA,Desktop,Books,27,22,3,1293,46-55
CUST_720,Female,54,Pakistan,Mobile,Home,20,24,5,170,46-55
CUST_721,Female,22,Pakistan,Mobile,Beauty,25,26,6,320,18-25
CUST_722,Male,18,Australia,Tablet,Clothing,66,30,4,5,18-25
CUST_723,Female,57,Pakistan,Tablet,Beauty,9,33,4,1024,56-65
CUST_724,Male,29,Australia,Mobile,Books,92,16,1,1289,26-35
CUST_725,Male,53,India,Mobile,Home,53,22,6,67,46-55
CUST_726,Male,62,India,Desktop,Clothing,61,49,5,487,56-65
CUST_727,Male,40,UK,Mobile,Beauty,38,43,0,1349,36-45
CUST_728,Male,64,Australia,Mobile,Sports,3,18,3,1229,56-65
CUST_729,Male,48,UK,Tablet,Books,84,7,2,226,46-55
CUST_730,Female,28,UK,Mobile,Books,70,26,2,156,26-35
CUST_731,Male,27,India,Tablet,Sports,103,8,6,648,26-35
CUST_732,Male,20,Australia,Mobile,Beauty,97,6,9,630,18-25
CUST_733,Male,31,India,Desktop,Books,55,30,3,1490,26-35
CUST_734,Female,33,UK,Mobile,Clothing,1,39,7,221,26-35
CUST_735,Female,27,Australia,Mobile,Beauty,101,23,8,200,26-35
CUST_736,Male,46,UK,Mobile,Beauty,70,32,2,1230,46-55
CUST_737,Female,27,Canada,Tablet,Home,45,22,4,999,26-35
CUST_738,Male,29,Australia,Desktop,Books,98,42,3,1019,26-35
CUST_739,Male,47,Australia,Mobile,Books,47,43,9,651,46-55
CUST_740,Female,58,UK,Tablet,Sports,79,45,5,1262,56-65
CUST_741,Male,18,Canada,Desktop,Home,109,9,9,1169,18-25
CUST_742,Female,22,USA,Tablet,Home,26,31,3,712,18-25
CUST_743,Female,37,India,Tablet,Books,14,7,7,1085,36-45
CUST_744,Male,25,UK,Desktop,Beauty,54,9,2,1170,18-25
CUST_745,Male,60,Australia,Mobile,Home,71,13,4,726,56-65
CUST_746,Female,29,India,Tablet,Sports,46,3,0,644,26-35
CUST_747,Male,18,India,Tablet,Home,31,35,5,110,18-25
CUST_748,Male,37,India,Mobile,Sports,88,33,4,169,36-45
CUST_749,Male,45,USA,Mobile,Home,59,21,7,219,36-45
CUST_750,Female,60,Pakistan,Desktop,Sports,95,31,8,1099,56-65
CUST_751,Female,54,UK,Desktop,Home,29,34,7,94,46-55
CUST_752,Male,64,Pakistan,Desktop,Home,106,32,7,878,56-65
CUST_753,Female,54,Pakistan,Mobile,Clothing,96,35,2,1256,46-55
CUST_754,Female,29,Pakistan,Tablet,Sports,17,15,3,1107,26-35
CUST_755,Female,54,India,Tablet,Sports,14,32,3,612,46-55
CUST_756,Female,61,Canada,Desktop,Sports,104,6,4,353,56-65
CUST_757,Female,45,India,Mobile,Electronics,36,45,8,898,36-45
CUST_758,Male,64,India,Tablet,Home,58,21,8,250,56-65
CUST_759,Male,32,Australia,Desktop,Sports,112,33,9,276,26-35
CUST_760,Male,23,Australia,Tablet,Books,24,32,0,407,18-25
CUST_761,Female,61,Pakistan,Tablet,Electronics,109,19,7,1144,56-65
CUST_762,Female,37,India,Mobile,Clothing,63,33,0,1463,36-45
CUST_763,Male,31,Pakistan,Mobile,Sports,118,28,1,1470,26-35
CUST_764,Female,19,Australia,Tablet,Sports,91,31,6,1200,18-25
CUST_765,Male,26,Canada,Desktop,Electronics,25,21,7,1044,26-35
CUST_766,Male,54,UK,Mobile,Home,59,34,0,965,46-55
CUST_767,Male,37,Pakistan,Tablet,Books,32,15,2,902,36-45
CUST_768,Female,43,Canada,Mobile,Clothing,116,14,6,1084,36-45
CUST_769,Female,46,UK,Mobile,Sports,82,19,8,1131,46-55
CUST_770,Male,18,USA,Mobile,Home,110,43,7,288,18-25
CUST_771,Male,52,Pakistan,Tablet,Books,18,15,7,521,46-55
CUST_772,Male,23,Pakistan,Desktop,Books,37,6,8,622,18-25
CUST_773,Male,54,USA,Desktop,Clothing,26,9,9,1306,46-55
CUST_774,Female,22,USA,Desktop,Beauty,9,37,2,616,18-25
CUST_775,Female,50,Pakistan,Mobile,Books,99,20,7,754,46-55
CUST_776,Male,31,USA,Tablet,Beauty,64,34,0,1297,26-35
CUST_777,Male,29,India,Mobile,Books,72,38,7,404,26-35
CUST_778,Female,59,UK,Desktop,Clothing,20,26,6,90,56-65
CUST_779,Female,37,UK,Desktop,Electronics,54,18,7,324,36-45
CUST_780,Male,41,UK,Tablet,Clothing,106,28,0,1060,36-45
CUST_781,Male,60,India,Mobile,Clothing,86,9,5,340,56-65
CUST_782,Male,51,USA,Desktop,Electronics,83,32,6,55,46-55
CUST_783,Female,42,Canada,Tablet,Electronics,30,6,4,1107,36-45
CUST_784,Female,46,USA,Mobile,Home,53,14,4,178,46-55
CUST_785,Female,56,Pakistan,Mobile,Books,92,28,6,505,56-65
CUST_786,Male,48,Australia,Desktop,Home,99,24,2,80,46-55
CUST_787,Male,64,UK,Desktop,Electronics,107,13,5,320,56-65
CUST_788,Female,60,USA,Mobile,Beauty,63,43,6,1401,56-65
CUST_789,Female,40,Canada,Mobile,Beauty,11,12,0,1109,36-45
CUST_790,Male,61,Pakistan,Desktop,Clothing,31,19,1,701,56-65
CUST_791,Female,55,India,Mobile,Sports,49,21,3,1014,46-55
CUST_792,Female,37,India,Desktop,Clothing,112,27,7,736,36-45
CUST_793,Male,40,Canada,Mobile,Clothing,103,19,9,1099,36-45
CUST_794,Female,62,Pakistan,Desktop,Sports,100,24,5,973,56-65
CUST_795,Male,33,UK,Tablet,Books,94,26,0,858,26-35
CUST_796,Male,59,USA,Desktop,Electronics,87,45,9,670,56-65
CUST_797,Male,25,Pakistan,Desktop,Beauty,19,28,4,656,18-25
CUST_798,Male,38,India,Tablet,Clothing,12,46,6,1099,36-45
CUST_799,Male,18,Canada,Mobile,Sports,15,18,5,50,18-25
CUST_800,Male,25,Canada,Tablet,Home,31,44,8,1075,18-25
CUST_801,Male,46,USA,Desktop,Clothing,43,36,7,1450,46-55
CUST_802,Female,49,Canada,Mobile,Beauty,101,42,3,153,46-55
CUST_803,Male,55,Canada,Tablet,Electronics,37,29,4,914,46-55
CUST_804,Male,22,Pakistan,Mobile,Clothing,79,17,6,1158,18-25
CUST_805,Female,64,UK,Mobile,Clothing,29,4,7,460,56-65
CUST_806,Female,39,USA,Tablet,Books,114,44,4,881,36-45
CUST_807,Female,64,Pakistan,Mobile,Sports,107,45,8,970,56-65
CUST_808,Male,51,UK,Tablet,Home,26,29,9,873,46-55
CUST_809,Female,18,Pakistan,Desktop,Home,108,4,3,933,18-25
CUST_810,Male,43,Australia,Mobile,Electronics,2,10,3,1028,36-45
CUST_811,Male,60,Pakistan,Desktop,Beauty,84,25,7,1005,56-65
CUST_812,Male,27,Canada,Desktop,Electronics,15,31,0,778,26-35
CUST_813,Male,47,UK,Mobile,Clothing,116,3,7,248,46-55
CUST_814,Female,35,USA,Tablet,Clothing,4,47,4,478,26-35
CUST_815,Female,34,USA,Mobile,Home,86,2,0,386,26-35
CUST_816,Male,43,UK,Desktop,Beauty,50,25,3,1131,36-45
CUST_817,Male,25,Canada,Desktop,Sports,38,49,1,493,18-25
CUST_818,Male,64,India,Tablet,Beauty,23,6,3,1065,56-65
CUST_819,Female,57,Pakistan,Mobile,Clothing,59,26,7,1361,56-65
CUST_820,Male,29,Canada,Desktop,Sports,90,8,4,401,26-35
CUST_821,Male,44,Australia,Desktop,Beauty,115,35,0,300,36-45
CUST_822,Female,25,UK,Desktop,Beauty,75,27,6,111,18-25
CUST_823,Female,42,Pakistan,Tablet,Sports,28,25,0,864,36-45
CUST_824,Male,63,USA,Desktop,Clothing,66,18,8,958,56-65
CUST_825,Female,21,India,Desktop,Beauty,8,1,2,534,18-25
CUST_826,Female,50,Australia,Mobile,Sports,29,48,2,1111,46-55
CUST_827,Male,18,USA,Mobile,Books,11,39,5,938,18-25
CUST_828,Female,36,UK,Desktop,Books,101,3,9,292,36-45
CUST_829,Male,48,Pakistan,Desktop,Clothing,18,4,5,710,46-55
CUST_830,Female,33,UK,Mobile,Sports,55,41,5,1489,26-35
CUST_831,Male,31,Pakistan,Tablet,Books,50,37,0,219,26-35
CUST_832,Male,22,Canada,Tablet,Sports,14,15,4,1309,18-25
CUST_833,Male,58,India,Tablet,Beauty,118,8,5,736,56-65
CUST_834,Female,43,Canada,Tablet,Clothing,74,38,7,1487,36-45
CUST_835,Male,45,Canada,Tablet,Books,99,19,0,348,36-45
CUST_836,Female,19,UK,Tablet,Beauty,9,47,4,198,18-25
CUST_837,Male,23,India,Tablet,Electronics,99,26,2,162,18-25
CUST_838,Male,26,Pakistan,Tablet,Electronics,11,39,1,469,26-35
CUST_839,Female,50,Pakistan,Mobile,Clothing,63,10,7,108,46-55
CUST_840,Male,58,Australia,Tablet,Books,108,38,6,38,56-65
CUST_841,Male,42,USA,Tablet,Books,76,14,9,1130,36-45
CUST_842,Female,30,Australia,Tablet,Books,67,49,6,643,26-35
CUST_843,Male,26,Australia,Desktop,Sports,53,41,4,329,26-35
CUST_844,Male,30,Pakistan,Mobile,Beauty,39,19,8,695,26-35
CUST_845,Male,48,UK,Mobile,Books,78,30,4,596,46-55
CUST_846,Male,58,Canada,Mobile,Beauty,56,5,1,145,56-65
CUST_847,Female,28,Canada,Tablet,Clothing,28,31,2,478,26-35
CUST_848,Female,21,Canada,Tablet,Books,75,7,3,1059,18-25
CUST_849,Male,51,India,Desktop,Clothing,39,19,4,888,46-55
CUST_850,Female,55,Pakistan,Mobile,Books,25,31,2,67,46-55
CUST_851,Male,63,UK,Tablet,Electronics,21,39,6,1115,56-65
CUST_852,Female,21,India,Mobile,Home,10,24,4,308,18-25
CUST_853,Male,55,USA,Desktop,Clothing,43,34,4,1089,46-55
CUST_854,Male,36,UK,Desktop,Books,15,23,5,400,36-45
CUST_855,Male,23,Australia,Desktop,Home,83,48,6,338,18-25
CUST_856,Male,51,UK,Mobile,Clothing,48,45,9,790,46-55
CUST_857,Male,35,UK,Tablet,Sports,86,40,9,415,26-35
CUST_858,Male,30,Canada,Tablet,Books,21,6,7,288,26-35
CUST_859,Female,58,UK,Desktop,Sports,60,38,8,470,56-65
CUST_860,Male,40,Australia,Tablet,Electronics,116,41,3,84,36-45
CUST_861,Female,36,Australia,Desktop,Books,108,36,4,788,36-45
CUST_862,Male,62,Pakistan,Mobile,Electronics,96,27,4,1105,56-65
CUST_863,Female,28,UK,Desktop,Home,50,11,7,737,26-35
CUST_864,Female,18,Canada,Mobile,Clothing,23,5,8,1389,18-25
CUST_865,Female,41,UK,Desktop,Beauty,13,17,6,81,36-45
CUST_866,Male,24,USA,Tablet,Electronics,69,7,4,513,18-25
CUST_867,Male,42,USA,Tablet,Beauty,4,27,2,1192,36-45
CUST_868,Female,38,Canada,Desktop,Beauty,92,47,0,1037,36-45
CUST_869,Male,32,Pakistan,Tablet,Clothing,78,15,8,1203,26-35
CUST_870,Female,18,Pakistan,Tablet,Home,72,46,4,466,18-25
CUST_871,Male,29,Australia,Tablet,Clothing,9,13,8,1335,26-35
CUST_872,Female,24,Australia,Mobile,Books,115,11,9,249,18-25
CUST_873,Female,32,India,Tablet,Electronics,35,45,3,126,26-35
CUST_874,Male,38,Canada,Mobile,Beauty,101,26,4,189,36-45
CUST_875,Female,36,UK,Desktop,Clothing,21,22,3,36,36-45
CUST_876,Male,46,Canada,Tablet,Clothing,58,28,1,1002,46-55
CUST_877,Female,42,India,Tablet,Clothing,18,24,0,766,36-45
CUST_878,Female,50,Australia,Tablet,Electronics,97,29,7,573,46-55
CUST_879,Male,49,Canada,Desktop,Home,72,9,3,314,46-55
CUST_880,Male,52,Canada,Mobile,Clothing,115,42,4,1400,46-55
CUST_881,Male,61,Australia,Mobile,Electronics,113,4,5,834,56-65
CUST_882,Female,55,India,Tablet,Beauty,81,49,7,996,46-55
CUST_883,Male,43,Australia,Desktop,Books,43,46,7,1084,36-45
CUST_884,Female,28,Pakistan,Desktop,Sports,95,18,6,795,26-35
CUST_885,Female,52,UK,Desktop,Electronics,98,43,3,1301,46-55
CUST_886,Male,25,Australia,Desktop,Sports,6,16,5,468,18-25
CUST_887,Male,63,India,Desktop,Clothing,86,33,3,682,56-65
CUST_888,Female,31,USA,Mobile,Clothing,78,29,6,1484,26-35
CUST_889,Female,27,Pakistan,Mobile,Electronics,67,39,0,983,26-35
CUST_890,Male,19,USA,Mobile,Sports,12,10,4,674,18-25
CUST_891,Male,63,Australia,Tablet,Clothing,100,9,9,1277,56-65
CUST_892,Male,26,Pakistan,Desktop,Beauty,12,31,9,702,26-35
CUST_893,Male,20,UK,Tablet,Home,109,28,3,998,18-25
CUST_894,Male,38,Australia,Desktop,Home,66,3,6,82,36-45
CUST_895,Female,43,UK,Mobile,Clothing,2,14,8,538,36-45
CUST_896,Female,25,Canada,Tablet,Sports,15,25,4,112,18-25
CUST_897,Female,19,USA,Mobile,Books,23,15,3,1301,18-25
CUST_898,Female,23,Pakistan,Desktop,Clothing,29,2,8,768,18-25
CUST_899,Male,45,UK,Desktop,Books,81,24,4,19,36-45
CUST_900,Male,46,India,Desktop,Books,96,14,8,374,46-55
CUST_901,Male,43,UK,Mobile,Sports,7,48,7,1332,36-45
CUST_902,Female,42,India,Desktop,Books,94,7,3,209,36-45
CUST_903,Female,29,Australia,Mobile,Beauty,28,36,6,1141,26-35
CUST_904,Male,22,Pakistan,Tablet,Sports,14,24,4,869,18-25
CUST_905,Male,51,UK,Desktop,Clothing,44,27,9,1281,46-55
CUST_906,Female,54,UK,Desktop,Beauty,30,37,3,445,46-55
CUST_907,Female,32,Pakistan,Desktop,Electronics,81,38,4,1214,26-35
CUST_908,Male,61,UK,Tablet,Home,32,30,4,863,56-65
CUST_909,Male,53,India,Desktop,Clothing,110,27,8,231,46-55
CUST_910,Female,32,UK,Mobile,Clothing,70,39,8,532,26-35
CUST_911,Male,60,USA,Mobile,Clothing,115,15,5,358,56-65
CUST_912,Male,40,Australia,Desktop,Beauty,88,26,3,627,36-45
CUST_913,Male,23,Canada,Desktop,Electronics,6,1,1,1029,18-25
CUST_914,Female,63,India,Tablet,Sports,27,4,2,931,56-65
CUST_915,Female,61,USA,Tablet,Electronics,82,29,1,1448,56-65
CUST_916,Female,60,Australia,Tablet,Beauty,88,1,4,1189,56-65
CUST_917,Female,62,Pakistan,Desktop,Clothing,101,43,5,165,56-65
CUST_918,Female,38,India,Tablet,Home,24,46,4,875,36-45
CUST_919,Female,40,Canada,Tablet,Clothing,102,22,1,1156,36-45
CUST_920,Female,60,Australia,Mobile,Sports,34,11,4,1179,56-65
CUST_921,Male,33,Canada,Tablet,Books,40,10,8,448,26-35
CUST_922,Male,64,Pakistan,Mobile,Home,47,17,3,1499,56-65
CUST_923,Male,32,Pakistan,Mobile,Clothing,79,36,9,467,26-35
CUST_924,Male,42,India,Tablet,Home,75,47,1,1058,36-45
CUST_925,Male,53,UK,Mobile,Books,86,26,2,477,46-55
CUST_926,Male,28,Pakistan,Desktop,Electronics,118,48,2,561,26-35
CUST_927,Male,32,Australia,Desktop,Beauty,24,21,8,84,26-35
CUST_928,Female,21,UK,Tablet,Clothing,65,13,3,1067,18-25
CUST_929,Female,38,USA,Desktop,Sports,18,9,0,244,36-45
CUST_930,Male,30,Canada,Mobile,Electronics,44,11,0,561,26-35
CUST_931,Male,39,UK,Desktop,Clothing,76,11,6,594,36-45
CUST_932,Female,36,Canada,Tablet,Electronics,57,6,6,1365,36-45
CUST_933,Male,51,UK,Tablet,Sports,107,1,1,1308,46-55
CUST_934,Male,31,USA,Mobile,Clothing,28,6,8,1144,26-35
CUST_935,Female,21,Pakistan,Tablet,Books,104,13,8,273,18-25
CUST_936,Male,63,USA,Desktop,Books,71,22,4,339,56-65
CUST_937,Female,44,Pakistan,Tablet,Sports,23,31,2,316,36-45
CUST_938,Male,46,Pakistan,Mobile,Home,85,22,2,1081,46-55
CUST_939,Female,64,Canada,Tablet,Sports,34,37,2,1096,56-65
CUST_940,Female,45,Australia,Desktop,Home,11,47,5,698,36-45
CUST_941,Female,52,USA,Mobile,Clothing,86,27,3,38,46-55
CUST_942,Male,25,UK,Desktop,Home,106,14,7,390,18-25
CUST_943,Female,33,USA,Mobile,Clothing,35,47,4,253,26-35
CUST_944,Male,59,Canada,Tablet,Clothing,116,5,0,1139,56-65
CUST_945,Male,53,Pakistan,Mobile,Beauty,93,36,8,1122,46-55
CUST_946,Male,47,Canada,Mobile,Clothing,42,32,0,1438,46-55
CUST_947,Male,35,India,Tablet,Home,28,34,5,1207,26-35
CUST_948,Female,19,India,Desktop,Beauty,82,7,0,1075,18-25
CUST_949,Female,30,UK,Tablet,Beauty,78,42,2,798,26-35
CUST_950,Male,21,Canada,Mobile,Clothing,82,48,9,856,18-25
CUST_951,Male,43,UK,Tablet,Sports,92,10,4,878,36-45
CUST_952,Female,42,UK,Mobile,Sports,24,17,9,380,36-45
CUST_953,Male,47,India,Tablet,Books,8,30,6,728,46-55
CUST_954,Female,28,UK,Tablet,Beauty,106,21,9,206,26-35
CUST_955,Male,24,India,Desktop,Clothing,118,13,7,449,18-25
CUST_956,Male,48,Pakistan,Mobile,Sports,109,1,8,301,46-55
CUST_957,Female,61,Canada,Desktop,Clothing,53,1,5,1336,56-65
CUST_958,Male,27,UK,Mobile,Clothing,72,47,8,497,26-35
CUST_959,Female,56,India,Tablet,Beauty,4,33,7,342,56-65
CUST_960,Male,30,USA,Mobile,Books,91,38,8,927,26-35
CUST_961,Male,48,UK,Desktop,Beauty,100,25,9,1094,46-55
CUST_962,Male,24,Australia,Desktop,Electronics,5,26,3,796,18-25
CUST_963,Female,59,Pakistan,Desktop,Sports,97,13,8,1450,56-65
CUST_964,Male,59,Pakistan,Mobile,Sports,49,28,6,966,56-65
CUST_965,Male,53,USA,Desktop,Sports,98,33,4,321,46-55
CUST_966,Male,37,India,Desktop,Home,30,37,4,946,36-45
CUST_967,Male,21,UK,Desktop,Clothing,72,41,0,630,18-25
CUST_968,Female,24,India,Tablet,Beauty,103,30,1,79,18-25
CUST_969,Female,18,Pakistan,Tablet,Sports,63,49,9,943,18-25
CUST_970,Male,61,India,Mobile,Electronics,47,48,2,63,56-65
CUST_971,Female,62,Pakistan,Mobile,Sports,26,8,7,390,56-65
CUST_972,Male,59,India,Desktop,Books,57,49,5,19,56-65
CUST_973,Male,64,USA,Tablet,Clothing,37,47,9,1259,56-65
CUST_974,Male,30,Canada,Desktop,Clothing,98,1,4,203,26-35
CUST_975,Female,39,USA,Desktop,Beauty,7,12,0,1382,36-45
CUST_976,Female,38,USA,Tablet,Home,40,5,8,39,36-45
CUST_977,Female,39,Canada,Tablet,Beauty,92,24,2,166,36-45
CUST_978,Female,45,Canada,Tablet,Sports,39,6,2,986,36-45
CUST_979,Female,26,UK,Mobile,Books,62,25,1,803,26-35
CUST_980,Female,43,UK,Mobile,Electronics,103,1,3,899,36-45
CUST_981,Female,26,USA,Desktop,Beauty,92,25,1,475,26-35
CUST_982,Female,32,USA,Mobile,Home,78,1,8,535,26-35
CUST_983,Female,27,Pakistan,Tablet,Beauty,53,32,9,796,26-35
CUST_984,Male,41,Pakistan,Tablet,Clothing,114,42,6,856,36-45
CUST_985,Female,59,UK,Mobile,Sports,102,42,7,1451,56-65
CUST_986,Female,25,Australia,Desktop,Sports,4,3,2,352,18-25
CUST_987,Female,41,Australia,Desktop,Sports,106,49,5,698,36-45
CUST_988,Female,33,UK,Mobile,Sports,82,19,9,939,26-35
CUST_989,Female,43,Pakistan,Desktop,Sports,108,43,5,917,36-45
CUST_990,Female,44,Pakistan,Desktop,Sports,112,29,0,151,36-45
CUST_991,Female,54,Australia,Desktop,Electronics,25,2,5,1402,46-55
CUST_992,Female,21,India,Tablet,Home,7,9,2,679,18-25
CUST_993,Female,41,India,Tablet,Sports,102,17,2,1444,36-45
CUST_994,Female,36,Pakistan,Mobile,Home,28,46,2,691,36-45
CUST_995,Female,53,India,Tablet,Books,69,36,9,1284,46-55
CUST_996,Male,56,Canada,Desktop,Sports,67,17,9,964,56-65
CUST_997,Male,27,UK,Tablet,Beauty,108,49,7,690,26-35
CUST_998,Female,42,UK,Mobile,Sports,95,12,4,1131,36-45
CUST_999,Female,35,Pakistan,Tablet,Clothing,111,20,3,125,26-35
CUST_1000,Male,36,USA,Desktop,Electronics,106,3,8,423,36-45
CUST_1001,Female,53,Australia,Desktop,Beauty,20,43,8,354,46-55
CUST_1002,Male,27,Pakistan,Mobile,Beauty,83,4,0,46,26-35
CUST_1003,Male,50,India,Tablet,Clothing,112,17,1,1395,46-55
CUST_1004,Male,22,Australia,Tablet,Sports,11,37,7,33,18-25
CUST_1005,Male,64,USA,Tablet,Electronics,104,46,4,970,56-65
CUST_1006,Male,52,India,Desktop,Beauty,67,42,6,789,46-55
CUST_1007,Female,61,Canada,Mobile,Electronics,87,15,0,18,56-65
CUST_1008,Male,51,India,Tablet,Beauty,7,33,9,924,46-55
CUST_1009,Female,50,Canada,Desktop,Sports,23,16,4,822,46-55
CUST_1010,Female,38,Australia,Desktop,Books,61,11,2,829,36-45
CUST_1011,Male,34,Canada,Desktop,Beauty,71,20,9,1217,26-35
CUST_1012,Male,39,Australia,Tablet,Books,110,38,1,876,36-45
CUST_1013,Female,54,Australia,Tablet,Beauty,34,24,1,299,46-55
CUST_1014,Male,32,Australia,Tablet,Home,106,16,8,1211,26-35
CUST_1015,Male,52,Australia,Tablet,Sports,19,30,3,868,46-55
CUST_1016,Female,45,Australia,Tablet,Clothing,58,34,3,552,36-45
CUST_1017,Female,24,India,Tablet,Books,9,1,6,1065,18-25
CUST_1018,Male,49,Australia,Tablet,Clothing,48,24,9,1012,46-55
CUST_1019,Female,28,India,Tablet,Sports,115,24,9,1042,26-35
CUST_1020,Male,27,Australia,Tablet,Clothing,82,9,1,639,26-35
CUST_1021,Male,26,Canada,Desktop,Sports,41,22,2,599,26-35
CUST_1022,Male,31,Australia,Tablet,Clothing,48,12,2,1187,26-35
CUST_1023,Female,30,USA,Mobile,Books,45,17,5,1357,26-35
CUST_1024,Female,42,Australia,Desktop,Home,106,25,2,618,36-45
CUST_1025,Female,19,Australia,Tablet,Clothing,25,28,4,1111,18-25
CUST_1026,Female,52,Canada,Mobile,Books,116,15,3,1050,46-55
CUST_1027,Female,24,UK,Tablet,Beauty,78,30,2,1160,18-25
CUST_1028,Male,38,Canada,Mobile,Sports,108,27,7,469,36-45
CUST_1029,Male,35,USA,Mobile,Electronics,25,22,9,1484,26-35
CUST_1030,Male,20,UK,Mobile,Electronics,19,10,2,1330,18-25
CUST_1031,Male,59,Pakistan,Mobile,Sports,39,31,5,959,56-65
CUST_1032,Female,56,Pakistan,Desktop,Home,119,27,6,934,56-65
CUST_1033,Male,58,USA,Desktop,Clothing,79,12,6,1295,56-65
CUST_1034,Female,28,Canada,Mobile,Home,80,46,1,803,26-35
CUST_1035,Male,56,India,Tablet,Electronics,27,31,2,399,56-65
CUST_1036,Female,41,USA,Mobile,Books,104,32,9,1148,36-45
CUST_1037,Female,63,UK,Desktop,Sports,74,32,9,250,56-65
CUST_1038,Male,36,UK,Tablet,Sports,63,41,3,572,36-45
CUST_1039,Male,21,Australia,Desktop,Home,68,45,6,42,18-25
CUST_1040,Male,43,Pakistan,Desktop,Books,115,35,1,249,36-45
CUST_1041,Male,55,UK,Tablet,Home,19,46,2,25,46-55
CUST_1042,Female,59,USA,Mobile,Clothing,28,21,6,1138,56-65
CUST_1043,Male,49,UK,Mobile,Beauty,85,10,6,398,46-55
CUST_1044,Male,56,USA,Mobile,Books,111,16,9,1438,56-65
CUST_1045,Female,62,India,Mobile,Beauty,78,7,2,991,56-65
CUST_1046,Male,63,Australia,Tablet,Clothing,33,4,0,12,56-65
CUST_1047,Male,53,Pakistan,Tablet,Beauty,112,27,2,1472,46-55
CUST_1048,Male,57,UK,Tablet,Electronics,10,25,4,332,56-65
CUST_1049,Male,54,USA,Desktop,Beauty,83,31,6,294,46-55
CUST_1050,Male,50,Canada,Tablet,Clothing,30,11,3,515,46-55
CUST_1051,Female,53,Pakistan,Mobile,Beauty,22,48,0,916,46-55
CUST_1052,Male,20,India,Desktop,Sports,3,20,5,365,18-25
CUST_1053,Male,26,USA,Mobile,Home,101,36,1,720,26-35
CUST_1054,Male,25,Australia,Mobile,Electronics,105,17,2,223,18-25
CUST_1055,Male,50,Australia,Tablet,Sports,82,45,3,410,46-55
CUST_1056,Male,23,India,Tablet,Sports,75,11,5,757,18-25
CUST_1057,Female,58,India,Mobile,Clothing,48,30,5,927,56-65
CUST_1058,Male,56,Australia,Mobile,Home,2,35,6,836,56-65
CUST_1059,Female,21,UK,Desktop,Home,76,41,4,798,18-25
CUST_1060,Female,30,UK,Tablet,Books,54,38,6,1248,26-35
CUST_1061,Male,19,USA,Desktop,Electronics,6,22,1,599,18-25
CUST_1062,Male,22,Canada,Desktop,Clothing,107,43,0,111,18-25
CUST_1063,Male,61,USA,Desktop,Electronics,40,48,9,585,56-65
CUST_1064,Male,44,Canada,Mobile,Books,108,27,7,613,36-45
CUST_1065,Female,49,India,Desktop,Beauty,93,37,0,1314,46-55
CUST_1066,Male,38,Pakistan,Desktop,Sports,94,46,1,12,36-45
CUST_1067,Male,25,USA,Mobile,Electronics,2,49,9,810,18-25
CUST_1068,Male,55,USA,Tablet,Sports,73,35,5,193,46-55
CUST_1069,Male,25,Canada,Tablet,Clothing,111,4,0,85,18-25
CUST_1070,Male,20,India,Desktop,Beauty,2,16,9,112,18-25
CUST_1071,Male,61,India,Mobile,Clothing,93,16,2,1349,56-65
CUST_1072,Female,20,Canada,Tablet,Beauty,97,21,6,690,18-25
CUST_1073,Female,39,India,Desktop,Beauty,74,26,7,350,36-45
CUST_1074,Male,23,Australia,Desktop,Sports,98,36,3,332,18-25
CUST_1075,Male,19,UK,Mobile,Clothing,108,19,2,559,18-25
CUST_1076,Male,40,Australia,Desktop,Clothing,55,17,0,306,36-45
CUST_1077,Female,61,Pakistan,Tablet,Electronics,72,45,8,204,56-65
CUST_1078,Male,19,USA,Mobile,Clothing,101,26,9,897,18-25
CUST_1079,Female,55,Pakistan,Tablet,Electronics,118,22,5,1447,46-55
CUST_1080,Male,34,USA,Tablet,Home,60,28,5,1067,26-35
CUST_1081,Male,52,UK,Tablet,Home,97,1,8,311,46-55
CUST_1082,Male,51,India,Desktop,Home,111,44,0,1032,46-55
CUST_1083,Male,40,Australia,Desktop,Books,6,36,5,1105,36-45
CUST_1084,Female,47,Canada,Tablet,Clothing,108,43,4,472,46-55
CUST_1085,Female,25,Australia,Tablet,Books,104,37,5,183,18-25
CUST_1086,Male,39,UK,Mobile,Clothing,109,2,7,649,36-45
CUST_1087,Male,61,Pakistan,Mobile,Electronics,19,17,4,280,56-65
CUST_1088,Female,53,Canada,Desktop,Books,96,40,1,1180,46-55
CUST_1089,Female,22,India,Desktop,Books,27,38,1,1192,18-25
CUST_1090,Female,30,UK,Mobile,Books,1,21,9,1318,26-35
CUST_1091,Female,46,Canada,Tablet,Beauty,107,9,4,1406,46-55
CUST_1092,Male,48,UK,Desktop,Electronics,116,13,2,625,46-55
CUST_1093,Female,64,UK,Tablet,Home,33,11,9,642,56-65
CUST_1094,Male,33,India,Mobile,Electronics,40,16,2,1338,26-35
CUST_1095,Female,59,USA,Desktop,Beauty,32,16,7,934,56-65
CUST_1096,Female,47,Canada,Desktop,Clothing,69,2,6,1417,46-55
CUST_1097,Female,33,India,Mobile,Electronics,17,42,0,187,26-35
CUST_1098,Female,29,UK,Desktop,Books,8,44,4,1334,26-35
CUST_1099,Female,34,India,Mobile,Home,57,8,8,76,26-35
CUST_1100,Male,33,USA,Desktop,Home,42,43,3,1247,26-35
CUST_1101,Male,29,Australia,Mobile,Clothing,98,42,0,723,26-35
CUST_1102,Female,25,Canada,Desktop,Electronics,9,13,7,1201,18-25
CUST_1103,Female,37,USA,Tablet,Beauty,87,17,4,1300,36-45
CUST_1104,Male,20,Pakistan,Tablet,Clothing,35,39,1,730,18-25
CUST_1105,Female,33,Canada,Tablet,Electronics,114,24,0,1496,26-35
CUST_1106,Female,47,USA,Desktop,Sports,71,3,2,273,46-55
CUST_1107,Male,62,UK,Desktop,Home,79,30,8,1048,56-65
CUST_1108,Female,40,Canada,Tablet,Beauty,53,13,0,582,36-45
CUST_1109,Female,45,Canada,Tablet,Books,54,19,3,999,36-45
CUST_1110,Male,57,India,Mobile,Beauty,84,7,7,819,56-65
CUST_1111,Male,22,UK,Mobile,Books,114,9,7,151,18-25
CUST_1112,Male,37,Pakistan,Mobile,Beauty,25,19,9,1457,36-45
CUST_1113,Female,57,Australia,Tablet,Home,67,45,7,1193,56-65
CUST_1114,Male,61,USA,Tablet,Books,62,40,9,894,56-65
CUST_1115,Male,18,India,Tablet,Electronics,55,22,7,314,18-25
CUST_1116,Male,47,USA,Mobile,Books,46,18,3,522,46-55
CUST_1117,Male,38,Pakistan,Desktop,Clothing,24,23,7,18,36-45
CUST_1118,Male,37,Pakistan,Tablet,Electronics,98,2,8,136,36-45
CUST_1119,Male,23,Canada,Desktop,Clothing,46,11,6,759,18-25
CUST_1120,Female,39,Pakistan,Desktop,Beauty,22,31,1,443,36-45
CUST_1121,Female,35,USA,Desktop,Electronics,11,33,8,747,26-35
CUST_1122,Male,25,UK,Mobile,Beauty,48,14,7,744,18-25
CUST_1123,Male,56,UK,Desktop,Sports,8,16,4,799,56-65
CUST_1124,Male,49,Canada,Tablet,Beauty,39,11,2,267,46-55
CUST_1125,Female,50,Australia,Mobile,Beauty,107,33,6,647,46-55
CUST_1126,Female,33,USA,Tablet,Clothing,35,7,1,1253,26-35
CUST_1127,Female,29,USA,Tablet,Books,49,31,2,262,26-35
CUST_1128,Female,55,Pakistan,Mobile,Sports,46,48,8,1262,46-55
CUST_1129,Female,51,USA,Tablet,Beauty,38,46,3,1364,46-55
CUST_1130,Female,31,India,Tablet,Beauty,8,47,3,413,26-35
CUST_1131,Female,53,Australia,Mobile,Sports,54,14,2,979,46-55
CUST_1132,Female,50,Pakistan,Tablet,Sports,37,28,4,1052,46-55
CUST_1133,Female,40,India,Desktop,Electronics,91,43,2,275,36-45
CUST_1134,Male,62,Canada,Tablet,Clothing,92,16,8,1123,56-65
CUST_1135,Male,19,UK,Desktop,Sports,40,19,2,146,18-25
CUST_1136,Male,58,Canada,Tablet,Sports,34,17,1,906,56-65
CUST_1137,Male,38,UK,Mobile,Home,96,26,4,978,36-45
CUST_1138,Female,19,Canada,Mobile,Books,79,6,5,1109,18-25
CUST_1139,Female,44,USA,Tablet,Sports,108,43,0,278,36-45
CUST_1140,Male,26,India,Mobile,Clothing,17,49,5,280,26-35
CUST_1141,Female,18,UK,Tablet,Books,33,9,9,469,18-25
CUST_1142,Male,28,Pakistan,Mobile,Books,47,17,2,1236,26-35
CUST_1143,Female,20,India,Desktop,Beauty,110,31,3,1324,18-25
CUST_1144,Male,40,Pakistan,Tablet,Beauty,52,12,5,1067,36-45
CUST_1145,Female,43,India,Desktop,Beauty,118,23,7,292,36-45
CUST_1146,Female,21,India,Desktop,Beauty,80,5,8,1152,18-25
CUST_1147,Male,35,Canada,Tablet,Home,93,43,5,880,26-35
CUST_1148,Female,23,UK,Desktop,Sports,9,36,6,1311,18-25
CUST_1149,Male,52,UK,Tablet,Beauty,33,36,4,882,46-55
CUST_1150,Male,39,India,Desktop,Electronics,60,3,8,184,36-45
CUST_1151,Male,60,USA,Tablet,Beauty,113,24,3,1125,56-65
CUST_1152,Male,32,USA,Tablet,Sports,93,17,9,1219,26-35
CUST_1153,Female,39,Pakistan,Mobile,Beauty,77,39,5,1102,36-45
CUST_1154,Female,54,Pakistan,Tablet,Home,21,26,4,451,46-55
CUST_1155,Female,59,Canada,Tablet,Clothing,58,4,0,789,56-65
CUST_1156,Male,29,India,Desktop,Clothing,85,45,4,565,26-35
CUST_1157,Female,64,Pakistan,Tablet,Sports,69,12,4,488,56-65
CUST_1158,Male,59,Pakistan,Mobile,Clothing,10,1,8,853,56-65
CUST_1159,Female,55,Australia,Desktop,Clothing,6,21,0,726,46-55
CUST_1160,Female,35,India,Desktop,Electronics,115,19,4,120,26-35
CUST_1161,Female,62,Canada,Mobile,Sports,13,21,6,539,56-65
CUST_1162,Male,52,Pakistan,Desktop,Sports,65,18,5,1126,46-55
CUST_1163,Female,47,Canada,Desktop,Clothing,20,43,5,1356,46-55
CUST_1164,Female,41,UK,Desktop,Clothing,57,3,6,411,36-45
CUST_1165,Male,59,Canada,Desktop,Clothing,111,49,5,1341,56-65
CUST_1166,Female,47,USA,Mobile,Books,46,44,4,698,46-55
CUST_1167,Male,31,USA,Mobile,Home,8,32,9,1176,26-35
CUST_1168,Female,23,Canada,Desktop,Beauty,10,10,4,1370,18-25
CUST_1169,Male,20,USA,Desktop,Home,73,40,8,499,18-25
CUST_1170,Male,33,UK,Mobile,Sports,113,15,7,952,26-35
CUST_1171,Female,24,India,Mobile,Electronics,105,5,9,27,18-25
CUST_1172,Male,31,USA,Mobile,Beauty,67,4,3,1133,26-35
CUST_1173,Male,26,USA,Desktop,Electronics,11,28,3,562,26-35
CUST_1174,Male,32,Canada,Desktop,Books,12,4,9,945,26-35
CUST_1175,Male,38,UK,Tablet,Sports,10,15,4,1250,36-45
CUST_1176,Male,52,India,Mobile,Books,25,17,2,859,46-55
CUST_1177,Male,19,Canada,Desktop,Sports,49,44,7,1043,18-25
CUST_1178,Female,44,Canada,Mobile,Electronics,49,3,6,895,36-45
CUST_1179,Male,19,Australia,Desktop,Electronics,89,10,4,82,18-25
CUST_1180,Male,52,UK,Mobile,Electronics,11,47,9,1350,46-55
CUST_1181,Female,35,India,Desktop,Sports,62,42,2,811,26-35
CUST_1182,Female,31,UK,Tablet,Clothing,118,23,4,1269,26-35
CUST_1183,Female,37,India,Tablet,Electronics,36,18,2,1046,36-45
CUST_1184,Female,35,UK,Mobile,Books,39,1,9,772,26-35
CUST_1185,Female,27,Canada,Desktop,Beauty,53,35,4,458,26-35
CUST_1186,Female,42,Canada,Desktop,Sports,90,31,0,1471,36-45
CUST_1187,Female,19,Pakistan,Mobile,Books,78,44,5,932,18-25
CUST_1188,Male,42,USA,Desktop,Home,103,1,9,281,36-45
CUST_1189,Male,50,Australia,Mobile,Home,56,3,3,1452,46-55
CUST_1190,Female,53,UK,Desktop,Beauty,104,3,3,1055,46-55
CUST_1191,Male,48,Australia,Mobile,Clothing,1,37,7,518,46-55
CUST_1192,Male,31,Pakistan,Desktop,Electronics,56,19,1,468,26-35
CUST_1193,Male,18,USA,Mobile,Sports,118,29,3,811,18-25
CUST_1194,Female,63,UK,Desktop,Books,4,25,1,828,56-65
CUST_1195,Female,33,India,Tablet,Electronics,30,33,0,367,26-35
CUST_1196,Male,63,USA,Desktop,Books,12,36,9,1411,56-65
CUST_1197,Female,20,Canada,Mobile,Sports,35,29,2,755,18-25
CUST_1198,Male,52,Pakistan,Tablet,Home,77,26,7,529,46-55
CUST_1199,Male,58,USA,Desktop,Electronics,52,4,5,1410,56-65
CUST_1200,Male,23,USA,Tablet,Beauty,31,49,6,1212,18-25
CUST_1201,Male,42,Canada,Desktop,Clothing,102,14,1,1222,36-45
CUST_1202,Female,30,UK,Tablet,Beauty,107,27,5,1490,26-35
CUST_1203,Female,51,India,Mobile,Clothing,87,33,7,60,46-55
CUST_1204,Female,25,Canada,Desktop,Books,68,22,7,1258,18-25
CUST_1205,Male,38,India,Desktop,Electronics,52,48,3,493,36-45
CUST_1206,Female,51,UK,Mobile,Electronics,80,3,5,1056,46-55
CUST_1207,Male,21,USA,Tablet,Clothing,7,23,4,726,18-25
CUST_1208,Female,42,India,Mobile,Home,22,21,8,1212,36-45
CUST_1209,Male,32,Pakistan,Mobile,Sports,93,41,7,1453,26-35
CUST_1210,Male,21,Pakistan,Tablet,Beauty,75,23,1,1403,18-25
CUST_1211,Male,62,Canada,Mobile,Books,56,4,6,45,56-65
CUST_1212,Female,29,UK,Desktop,Beauty,97,21,6,1008,26-35
CUST_1213,Female,49,Canada,Desktop,Beauty,58,37,0,264,46-55
CUST_1214,Female,49,Canada,Desktop,Books,93,43,0,445,46-55
CUST_1215,Female,45,Australia,Mobile,Books,64,31,3,930,36-45
CUST_1216,Male,30,Canada,Desktop,Electronics,103,21,4,860,26-35
CUST_1217,Female,48,Australia,Desktop,Beauty,12,26,3,88,46-55
CUST_1218,Female,31,Pakistan,Desktop,Sports,7,41,6,50,26-35
CUST_1219,Male,37,Pakistan,Desktop,Sports,55,35,2,444,36-45
CUST_1220,Male,35,Canada,Desktop,Clothing,103,38,6,990,26-35
CUST_1221,Male,46,Pakistan,Desktop,Books,106,24,7,1466,46-55
CUST_1222,Female,23,UK,Mobile,Electronics,62,11,5,140,18-25
CUST_1223,Male,49,Australia,Desktop,Sports,112,41,5,1211,46-55
CUST_1224,Male,46,Australia,Desktop,Home,90,29,7,1200,46-55
CUST_1225,Male,60,Canada,Tablet,Electronics,104,47,7,913,56-65
CUST_1226,Female,19,Pakistan,Mobile,Electronics,73,3,6,865,18-25
CUST_1227,Male,40,India,Mobile,Sports,105,1,5,792,36-45
CUST_1228,Female,36,Australia,Mobile,Home,98,19,5,594,36-45
CUST_1229,Female,48,Canada,Mobile,Clothing,109,46,9,960,46-55
CUST_1230,Male,22,Canada,Desktop,Sports,77,49,5,694,18-25
CUST_1231,Male,36,UK,Desktop,Home,55,22,7,543,36-45
CUST_1232,Female,51,USA,Tablet,Electronics,119,14,0,1148,46-55
CUST_1233,Male,27,USA,Tablet,Home,36,49,4,1309,26-35
CUST_1234,Male,42,Australia,Mobile,Electronics,89,14,2,1336,36-45
CUST_1235,Female,19,UK,Tablet,Sports,24,44,7,712,18-25
CUST_1236,Female,28,UK,Tablet,Books,44,16,5,1305,26-35
CUST_1237,Male,48,UK,Mobile,Sports,17,33,1,299,46-55
CUST_1238,Female,32,Australia,Mobile,Beauty,2,13,6,57,26-35
CUST_1239,Male,26,USA,Tablet,Beauty,13,38,6,810,26-35
CUST_1240,Male,40,UK,Desktop,Beauty,31,49,4,1460,36-45
CUST_1241,Male,36,Pakistan,Tablet,Sports,93,12,7,56,36-45
CUST_1242,Female,26,Canada,Tablet,Clothing,114,38,4,732,26-35
CUST_1243,Male,52,Canada,Desktop,Sports,28,39,0,76,46-55
CUST_1244,Male,38,India,Desktop,Books,60,33,8,32,36-45
CUST_1245,Male,26,India,Mobile,Home,27,33,3,473,26-35
CUST_1246,Female,45,Australia,Mobile,Sports,15,29,1,768,36-45
CUST_1247,Female,63,Australia,Tablet,Sports,95,5,3,890,56-65
CUST_1248,Female,24,Canada,Desktop,Electronics,104,6,8,916,18-25
CUST_1249,Female,33,Pakistan,Mobile,Electronics,79,31,1,551,26-35
CUST_1250,Female,33,USA,Tablet,Electronics,33,16,3,1429,26-35
CUST_1251,Male,50,USA,Desktop,Sports,20,31,1,205,46-55
CUST_1252,Female,21,Australia,Tablet,Clothing,42,25,4,824,18-25
CUST_1253,Female,21,Pakistan,Mobile,Home,12,48,2,1494,18-25
CUST_1254,Female,56,Australia,Mobile,Home,101,46,9,564,56-65
CUST_1255,Male,57,USA,Desktop,Books,73,33,1,383,56-65
CUST_1256,Female,34,Australia,Tablet,Clothing,23,13,8,1205,26-35
CUST_1257,Female,54,UK,Desktop,Clothing,72,10,4,1080,46-55
CUST_1258,Male,56,Australia,Mobile,Home,96,24,9,83,56-65
CUST_1259,Female,46,Canada,Mobile,Beauty,112,10,4,1413,46-55
CUST_1260,Male,53,Australia,Tablet,Electronics,14,41,0,838,46-55
CUST_1261,Male,55,Canada,Tablet,Electronics,91,31,5,1036,46-55
CUST_1262,Male,56,Pakistan,Tablet,Home,25,13,6,1242,56-65
CUST_1263,Male,54,USA,Desktop,Clothing,77,3,0,29,46-55
CUST_1264,Male,52,India,Tablet,Books,119,34,8,454,46-55
CUST_1265,Female,24,India,Tablet,Beauty,85,49,7,772,18-25
CUST_1266,Male,44,USA,Mobile,Home,109,28,7,759,36-45
CUST_1267,Male,45,India,Mobile,Electronics,31,19,6,1485,36-45
CUST_1268,Female,39,Australia,Tablet,Sports,101,23,4,1489,36-45
CUST_1269,Male,31,Pakistan,Tablet,Clothing,112,45,2,202,26-35
CUST_1270,Female,24,Pakistan,Mobile,Sports,107,32,8,1122,18-25
CUST_1271,Female,54,USA,Tablet,Books,54,13,6,441,46-55
CUST_1272,Female,39,India,Desktop,Home,5,33,9,694,36-45
CUST_1273,Male,22,Australia,Desktop,Electronics,13,34,9,1406,18-25
CUST_1274,Male,19,Pakistan,Desktop,Beauty,28,33,7,591,18-25
CUST_1275,Male,44,Pakistan,Tablet,Sports,43,5,5,108,36-45
CUST_1276,Female,38,UK,Mobile,Beauty,89,3,4,631,36-45
CUST_1277,Male,55,UK,Tablet,Books,115,7,7,1067,46-55
CUST_1278,Male,32,Pakistan,Tablet,Electronics,99,24,2,462,26-35
CUST_1279,Male,38,USA,Mobile,Sports,47,22,6,368,36-45
CUST_1280,Female,27,Canada,Mobile,Books,103,45,1,139,26-35
CUST_1281,Female,40,Canada,Mobile,Beauty,71,23,2,378,36-45
CUST_1282,Male,56,Australia,Desktop,Beauty,38,30,1,1260,56-65
CUST_1283,Male,22,Pakistan,Tablet,Sports,96,18,4,43,18-25
CUST_1284,Male,18,Pakistan,Mobile,Electronics,67,32,6,823,18-25
CUST_1285,Male,30,Pakistan,Tablet,Beauty,62,7,9,51,26-35
CUST_1286,Female,38,USA,Desktop,Home,109,33,9,40,36-45
CUST_1287,Female,43,UK,Desktop,Books,39,5,0,99,36-45
CUST_1288,Female,62,Pakistan,Mobile,Sports,37,49,9,989,56-65
CUST_1289,Female,38,Pakistan,Mobile,Clothing,119,28,8,1389,36-45
CUST_1290,Male,35,India,Tablet,Clothing,114,8,0,1174,26-35
CUST_1291,Male,54,USA,Mobile,Electronics,86,15,0,372,46-55
CUST_1292,Male,62,Australia,Tablet,Home,8,4,9,69,56-65
CUST_1293,Female,49,Pakistan,Mobile,Beauty,81,34,7,1256,46-55
CUST_1294,Male,53,India,Tablet,Clothing,52,5,5,758,46-55
CUST_1295,Female,34,Canada,Tablet,Electronics,91,33,5,820,26-35
CUST_1296,Female,52,Australia,Tablet,Books,33,5,8,760,46-55
CUST_1297,Male,28,Pakistan,Tablet,Home,110,38,3,185,26-35
CUST_1298,Male,38,Pakistan,Desktop,Home,81,34,7,601,36-45
CUST_1299,Male,43,India,Tablet,Electronics,42,26,3,1183,36-45
CUST_1300,Female,21,USA,Mobile,Electronics,76,1,1,791,18-25
CUST_1301,Male,51,Pakistan,Desktop,Beauty,112,4,7,631,46-55
CUST_1302,Female,35,Canada,Desktop,Electronics,110,39,6,1463,26-35
CUST_1303,Male,57,Pakistan,Tablet,Beauty,27,26,3,1127,56-65
CUST_1304,Female,52,Canada,Desktop,Beauty,112,33,8,620,46-55
CUST_1305,Female,58,Australia,Tablet,Sports,8,33,8,1400,56-65
CUST_1306,Male,46,Australia,Mobile,Home,23,8,7,1390,46-55
CUST_1307,Female,46,UK,Tablet,Books,106,20,0,116,46-55
CUST_1308,Female,55,UK,Desktop,Home,113,16,6,457,46-55
CUST_1309,Male,59,Canada,Mobile,Home,64,21,4,760,56-65
CUST_1310,Female,38,USA,Tablet,Sports,93,45,6,1197,36-45
CUST_1311,Male,59,Pakistan,Mobile,Beauty,114,26,8,588,56-65
CUST_1312,Female,30,Pakistan,Mobile,Beauty,20,23,1,143,26-35
CUST_1313,Male,58,UK,Desktop,Electronics,16,18,3,235,56-65
CUST_1314,Male,34,Canada,Mobile,Sports,17,31,3,1267,26-35
CUST_1315,Female,26,Pakistan,Desktop,Electronics,80,42,1,988,26-35
CUST_1316,Female,58,Pakistan,Mobile,Sports,19,12,2,257,56-65
CUST_1317,Female,18,USA,Tablet,Electronics,8,1,7,1464,18-25
CUST_1318,Female,19,India,Mobile,Clothing,38,42,8,565,18-25
CUST_1319,Female,46,UK,Tablet,Home,38,9,5,1450,46-55
CUST_1320,Male,50,UK,Tablet,Home,53,3,9,1331,46-55
CUST_1321,Female,27,India,Mobile,Books,93,26,1,76,26-35
CUST_1322,Male,57,Pakistan,Tablet,Beauty,105,9,1,1291,56-65
CUST_1323,Male,38,USA,Mobile,Books,100,42,6,226,36-45
CUST_1324,Female,45,USA,Mobile,Clothing,90,16,7,1105,36-45
CUST_1325,Male,28,UK,Tablet,Books,31,24,7,66,26-35
CUST_1326,Male,51,USA,Tablet,Home,44,14,5,1499,46-55
CUST_1327,Male,25,Australia,Desktop,Beauty,60,3,9,1185,18-25
CUST_1328,Male,39,India,Tablet,Clothing,76,34,7,810,36-45
CUST_1329,Female,25,Pakistan,Desktop,Home,119,33,0,129,18-25
CUST_1330,Male,32,Australia,Tablet,Electronics,17,24,8,745,26-35
CUST_1331,Female,34,India,Mobile,Sports,79,9,0,165,26-35
CUST_1332,Female,40,Canada,Tablet,Clothing,73,13,2,545,36-45
CUST_1333,Male,41,UK,Mobile,Beauty,39,2,8,630,36-45
CUST_1334,Female,62,USA,Mobile,Books,42,7,4,110,56-65
CUST_1335,Female,36,Canada,Mobile,Books,48,48,8,1159,36-45
CUST_1336,Female,22,USA,Desktop,Clothing,12,21,8,1385,18-25
CUST_1337,Male,49,Australia,Tablet,Beauty,96,19,5,780,46-55
CUST_1338,Female,61,Pakistan,Mobile,Clothing,89,25,0,6,56-65
CUST_1339,Female,18,Pakistan,Mobile,Beauty,103,47,9,237,18-25
CUST_1340,Female,40,Pakistan,Desktop,Books,18,22,6,373,36-45
CUST_1341,Male,54,USA,Tablet,Home,79,11,5,1279,46-55
CUST_1342,Female,25,Canada,Tablet,Electronics,96,33,8,950,18-25
CUST_1343,Male,30,Pakistan,Desktop,Home,6,32,6,1136,26-35
CUST_1344,Male,25,Canada,Desktop,Electronics,108,21,3,1304,18-25
CUST_1345,Male,40,USA,Tablet,Books,43,39,6,184,36-45
CUST_1346,Male,60,Australia,Desktop,Home,116,20,1,297,56-65
CUST_1347,Male,18,Canada,Tablet,Home,35,8,5,588,18-25
CUST_1348,Male,62,Australia,Tablet,Clothing,98,42,5,799,56-65
CUST_1349,Female,41,USA,Mobile,Sports,102,37,1,179,36-45
CUST_1350,Male,52,USA,Mobile,Books,54,9,3,127,46-55
CUST_1351,Female,41,UK,Tablet,Beauty,62,25,7,231,36-45
CUST_1352,Female,34,USA,Tablet,Books,69,25,7,448,26-35
CUST_1353,Male,22,USA,Tablet,Beauty,82,33,7,432,18-25
CUST_1354,Female,37,India,Tablet,Beauty,16,2,7,1111,36-45
CUST_1355,Female,38,Pakistan,Tablet,Electronics,8,19,0,769,36-45
CUST_1356,Female,57,UK,Tablet,Beauty,89,46,1,636,56-65
CUST_1357,Female,48,UK,Desktop,Beauty,96,20,3,69,46-55
CUST_1358,Male,63,UK,Tablet,Clothing,90,42,8,1309,56-65
CUST_1359,Female,53,India,Desktop,Home,116,41,2,1419,46-55
CUST_1360,Male,28,Australia,Desktop,Books,86,42,5,432,26-35
CUST_1361,Female,32,USA,Tablet,Books,31,29,6,622,26-35
CUST_1362,Female,36,Pakistan,Tablet,Beauty,107,6,7,929,36-45
CUST_1363,Male,24,Canada,Desktop,Sports,10,17,6,816,18-25
CUST_1364,Female,45,Australia,Desktop,Books,56,25,2,111,36-45
CUST_1365,Female,60,USA,Tablet,Beauty,76,38,5,663,56-65
CUST_1366,Female,22,India,Tablet,Electronics,117,4,4,1290,18-25
CUST_1367,Male,22,USA,Desktop,Electronics,92,30,9,1187,18-25
CUST_1368,Female,47,USA,Desktop,Electronics,70,20,3,269,46-55
CUST_1369,Male,49,India,Desktop,Beauty,20,3,0,1496,46-55
CUST_1370,Female,25,UK,Mobile,Clothing,5,23,6,1230,18-25
CUST_1371,Male,27,UK,Desktop,Sports,23,18,7,159,26-35
CUST_1372,Male,55,Pakistan,Mobile,Beauty,9,26,1,1041,46-55
CUST_1373,Female,64,Pakistan,Tablet,Clothing,58,36,6,1325,56-65
CUST_1374,Female,49,UK,Tablet,Clothing,59,8,5,900,46-55
CUST_1375,Male,45,Australia,Desktop,Books,93,17,4,997,36-45
CUST_1376,Male,34,Canada,Tablet,Beauty,80,31,3,249,26-35
CUST_1377,Female,48,USA,Tablet,Beauty,54,37,1,1328,46-55
CUST_1378,Male,25,Canada,Tablet,Clothing,46,45,9,1390,18-25
CUST_1379,Female,57,USA,Tablet,Clothing,22,33,5,1382,56-65
CUST_1380,Female,42,UK,Mobile,Clothing,64,27,4,390,36-45
CUST_1381,Female,26,Pakistan,Mobile,Books,8,45,1,763,26-35
CUST_1382,Female,19,Australia,Desktop,Beauty,20,4,9,1340,18-25
CUST_1383,Male,32,Pakistan,Desktop,Clothing,51,22,6,418,26-35
CUST_1384,Female,20,Canada,Desktop,Electronics,78,26,5,1306,18-25
CUST_1385,Male,53,Pakistan,Tablet,Beauty,39,32,8,719,46-55
CUST_1386,Female,21,UK,Tablet,Books,37,24,9,763,18-25
CUST_1387,Male,31,Australia,Mobile,Electronics,50,46,4,751,26-35
CUST_1388,Female,58,Canada,Mobile,Home,34,35,8,597,56-65
CUST_1389,Male,58,Australia,Desktop,Beauty,75,37,8,1384,56-65
CUST_1390,Male,42,USA,Mobile,Home,118,32,0,843,36-45
CUST_1391,Female,27,Pakistan,Mobile,Clothing,104,7,4,20,26-35
CUST_1392,Female,38,Australia,Mobile,Books,33,33,8,997,36-45
CUST_1393,Female,53,India,Mobile,Clothing,31,31,6,1073,46-55
CUST_1394,Female,29,Pakistan,Mobile,Books,54,12,5,1349,26-35
CUST_1395,Male,44,USA,Desktop,Sports,44,11,5,655,36-45
CUST_1396,Female,57,Australia,Desktop,Clothing,34,24,6,1354,56-65
CUST_1397,Male,19,Canada,Mobile,Home,114,8,0,152,18-25
CUST_1398,Male,30,USA,Desktop,Books,71,32,3,359,26-35
CUST_1399,Female,49,India,Tablet,Clothing,113,38,0,1264,46-55
CUST_1400,Male,48,Australia,Mobile,Beauty,118,22,5,707,46-55
CUST_1401,Male,33,UK,Tablet,Books,62,34,3,617,26-35
CUST_1402,Male,49,Pakistan,Desktop,Books,23,19,0,109,46-55
CUST_1403,Male,49,Canada,Desktop,Clothing,46,20,8,400,46-55
CUST_1404,Female,51,UK,Tablet,Sports,56,14,3,1474,46-55
CUST_1405,Female,28,Australia,Desktop,Clothing,7,33,5,610,26-35
CUST_1406,Female,27,Australia,Mobile,Home,118,10,6,1248,26-35
CUST_1407,Female,32,USA,Tablet,Home,89,16,7,855,26-35
CUST_1408,Male,34,Australia,Mobile,Books,61,4,8,446,26-35
CUST_1409,Male,57,Canada,Tablet,Books,3,27,8,877,56-65
CUST_1410,Female,35,UK,Desktop,Clothing,38,28,7,671,26-35
CUST_1411,Female,26,Canada,Tablet,Home,84,43,9,1056,26-35
CUST_1412,Female,42,India,Tablet,Home,34,16,2,798,36-45
CUST_1413,Male,57,India,Mobile,Sports,113,33,1,479,56-65
CUST_1414,Female,31,Pakistan,Desktop,Beauty,44,48,4,632,26-35
CUST_1415,Female,42,Pakistan,Mobile,Sports,108,19,0,1333,36-45
CUST_1416,Female,39,India,Desktop,Electronics,30,21,2,1433,36-45
CUST_1417,Male,47,Australia,Mobile,Sports,17,22,0,506,46-55
CUST_1418,Male,37,Canada,Tablet,Clothing,59,9,2,352,36-45
CUST_1419,Male,38,India,Mobile,Beauty,10,9,3,1268,36-45
CUST_1420,Male,61,Pakistan,Desktop,Clothing,99,9,6,1022,56-65
CUST_1421,Male,49,India,Desktop,Electronics,84,27,4,574,46-55
CUST_1422,Male,63,Australia,Tablet,Beauty,18,17,4,699,56-65
CUST_1423,Male,38,India,Desktop,Books,45,44,0,1365,36-45
CUST_1424,Male,52,Canada,Mobile,Home,108,45,7,30,46-55
CUST_1425,Female,49,UK,Tablet,Sports,91,8,3,1437,46-55
CUST_1426,Female,47,Australia,Desktop,Clothing,59,16,9,1105,46-55
CUST_1427,Male,56,Pakistan,Desktop,Electronics,62,18,4,221,56-65
CUST_1428,Male,29,Canada,Mobile,Home,59,33,1,1356,26-35
CUST_1429,Female,58,India,Mobile,Sports,49,1,0,841,56-65
CUST_1430,Male,64,India,Tablet,Home,100,12,8,778,56-65
CUST_1431,Male,35,UK,Desktop,Sports,63,6,1,1051,26-35
CUST_1432,Male,38,Pakistan,Mobile,Books,87,41,5,674,36-45
CUST_1433,Female,30,Pakistan,Tablet,Beauty,32,5,0,722,26-35
CUST_1434,Female,38,USA,Desktop,Home,10,16,0,314,36-45
CUST_1435,Female,25,Pakistan,Desktop,Home,11,18,8,603,18-25
CUST_1436,Female,63,UK,Tablet,Home,102,49,3,271,56-65
CUST_1437,Female,57,USA,Tablet,Beauty,70,18,8,1443,56-65
CUST_1438,Male,63,USA,Mobile,Electronics,105,1,4,650,56-65
CUST_1439,Female,24,India,Desktop,Sports,62,19,6,1295,18-25
CUST_1440,Male,40,India,Desktop,Books,47,8,0,1361,36-45
CUST_1441,Male,61,Pakistan,Desktop,Home,34,3,5,1027,56-65
CUST_1442,Female,49,USA,Tablet,Beauty,100,25,7,454,46-55
CUST_1443,Female,28,India,Mobile,Electronics,101,5,0,569,26-35
CUST_1444,Male,39,UK,Desktop,Sports,17,40,8,1275,36-45
CUST_1445,Male,39,India,Tablet,Beauty,104,19,2,1064,36-45
CUST_1446,Male,60,Australia,Desktop,Books,104,18,0,1429,56-65
CUST_1447,Female,42,Australia,Mobile,Books,54,31,0,32,36-45
CUST_1448,Female,39,India,Desktop,Sports,76,33,5,224,36-45
CUST_1449,Female,45,USA,Mobile,Home,85,47,5,410,36-45
CUST_1450,Female,46,USA,Mobile,Books,40,18,0,275,46-55
CUST_1451,Female,30,Canada,Desktop,Electronics,19,39,2,796,26-35
CUST_1452,Male,35,Australia,Desktop,Beauty,67,16,6,967,26-35
CUST_1453,Female,19,UK,Mobile,Electronics,82,16,9,1314,18-25
CUST_1454,Male,46,USA,Tablet,Home,53,47,2,1482,46-55
CUST_1455,Male,38,Pakistan,Mobile,Electronics,115,38,2,838,36-45
CUST_1456,Male,32,Australia,Desktop,Electronics,64,41,2,321,26-35
CUST_1457,Female,44,UK,Desktop,Clothing,83,7,6,1325,36-45
CUST_1458,Female,48,UK,Tablet,Electronics,47,14,3,342,46-55
CUST_1459,Female,32,USA,Mobile,Sports,6,43,3,1335,26-35
CUST_1460,Male,40,UK,Mobile,Beauty,16,48,2,1456,36-45
CUST_1461,Male,41,USA,Mobile,Clothing,72,25,9,355,36-45
CUST_1462,Male,61,India,Desktop,Beauty,112,32,8,515,56-65
CUST_1463,Male,30,Australia,Mobile,Beauty,18,38,1,529,26-35
CUST_1464,Male,39,Canada,Tablet,Home,52,22,3,496,36-45
CUST_1465,Male,60,India,Desktop,Home,48,16,7,13,56-65
CUST_1466,Female,54,Australia,Desktop,Clothing,43,29,5,565,46-55
CUST_1467,Female,50,USA,Mobile,Books,39,16,6,444,46-55
CUST_1468,Female,20,Australia,Tablet,Home,49,12,6,796,18-25
CUST_1469,Female,36,USA,Desktop,Home,113,17,1,1136,36-45
CUST_1470,Male,40,India,Desktop,Home,12,37,3,1273,36-45
CUST_1471,Male,46,Pakistan,Mobile,Beauty,109,27,9,1283,46-55
CUST_1472,Female,47,Pakistan,Mobile,Clothing,10,25,9,37,46-55
CUST_1473,Male,56,Australia,Tablet,Beauty,71,13,5,1051,56-65
CUST_1474,Female,61,Pakistan,Mobile,Sports,110,8,2,849,56-65
CUST_1475,Female,64,USA,Tablet,Beauty,55,5,8,570,56-65
CUST_1476,Female,42,UK,Desktop,Sports,1,12,3,53,36-45
CUST_1477,Male,54,USA,Tablet,Electronics,49,41,9,466,46-55
CUST_1478,Female,64,UK,Tablet,Electronics,36,3,1,594,56-65
CUST_1479,Female,25,India,Tablet,Sports,21,35,5,340,18-25
CUST_1480,Female,59,Canada,Desktop,Sports,37,33,0,1386,56-65
CUST_1481,Male,33,UK,Mobile,Beauty,116,22,5,1150,26-35
CUST_1482,Male,25,Pakistan,Desktop,Sports,24,44,9,1472,18-25
CUST_1483,Female,18,USA,Mobile,Clothing,55,9,0,363,18-25
CUST_1484,Male,61,India,Tablet,Electronics,25,41,7,350,56-65
CUST_1485,Male,22,Pakistan,Tablet,Electronics,7,18,4,197,18-25
CUST_1486,Male,20,India,Tablet,Books,106,29,5,1444,18-25
CUST_1487,Male,18,Canada,Tablet,Sports,81,39,1,1405,18-25
CUST_1488,Male,21,USA,Tablet,Home,93,27,1,1491,18-25
CUST_1489,Male,57,Australia,Mobile,Home,94,36,8,760,56-65
CUST_1490,Male,52,USA,Mobile,Sports,71,45,2,1174,46-55
CUST_1491,Male,49,Canada,Tablet,Clothing,97,17,5,482,46-55
CUST_1492,Male,59,USA,Desktop,Home,71,34,9,832,56-65
CUST_1493,Male,51,Australia,Desktop,Books,24,46,4,894,46-55
CUST_1494,Female,60,UK,Tablet,Sports,11,3,3,657,56-65
CUST_1495,Female,42,India,Mobile,Clothing,73,5,9,412,36-45
CUST_1496,Male,27,Australia,Desktop,Clothing,12,14,1,290,26-35
CUST_1497,Female,38,Pakistan,Desktop,Beauty,35,3,7,855,36-45
CUST_1498,Female,63,Canada,Desktop,Clothing,63,23,9,115,56-65
CUST_1499,Male,56,UK,Tablet,Home,68,39,6,624,56-65
CUST_1500,Male,44,Pakistan,Desktop,Home,100,30,1,797,36-45
CUST_1501,Male,44,Pakistan,Desktop,Sports,92,45,5,54,36-45
CUST_1502,Female,19,Canada,Desktop,Sports,57,23,7,1042,18-25
CUST_1503,Female,58,UK,Desktop,Clothing,13,27,6,1162,56-65
CUST_1504,Male,30,Pakistan,Mobile,Books,23,10,0,592,26-35
CUST_1505,Male,26,Pakistan,Tablet,Electronics,83,25,4,600,26-35
CUST_1506,Male,53,UK,Tablet,Beauty,106,13,1,1371,46-55
CUST_1507,Female,39,USA,Mobile,Electronics,101,16,5,674,36-45
CUST_1508,Female,59,Pakistan,Mobile,Clothing,39,41,6,1314,56-65
CUST_1509,Female,43,India,Tablet,Clothing,88,34,6,318,36-45
CUST_1510,Female,29,UK,Desktop,Electronics,80,37,2,610,26-35
CUST_1511,Male,34,Pakistan,Desktop,Beauty,97,22,6,301,26-35
CUST_1512,Male,31,Canada,Tablet,Electronics,12,17,4,573,26-35
CUST_1513,Male,31,Australia,Desktop,Sports,34,23,7,1192,26-35
CUST_1514,Male,51,India,Mobile,Home,71,36,7,836,46-55
CUST_1515,Female,37,Australia,Desktop,Books,75,49,6,614,36-45
CUST_1516,Female,28,Australia,Desktop,Sports,31,9,5,20,26-35
CUST_1517,Male,33,Pakistan,Desktop,Home,93,2,1,1372,26-35
CUST_1518,Male,48,India,Tablet,Books,62,32,5,1106,46-55
CUST_1519,Female,23,India,Mobile,Books,13,22,8,1374,18-25
CUST_1520,Male,36,USA,Desktop,Books,31,43,1,76,36-45
CUST_1521,Female,54,Australia,Tablet,Clothing,2,13,0,274,46-55
CUST_1522,Male,21,India,Desktop,Books,103,8,4,291,18-25
CUST_1523,Male,64,USA,Mobile,Beauty,15,1,5,70,56-65
CUST_1524,Male,21,UK,Desktop,Electronics,57,17,2,884,18-25
CUST_1525,Male,37,USA,Mobile,Beauty,75,12,7,72,36-45
CUST_1526,Male,27,Canada,Desktop,Electronics,34,4,6,1221,26-35
CUST_1527,Male,41,Pakistan,Mobile,Sports,103,13,1,1083,36-45
CUST_1528,Male,52,UK,Desktop,Sports,68,31,6,984,46-55
CUST_1529,Female,43,UK,Mobile,Electronics,75,41,0,1407,36-45
CUST_1530,Female,54,Canada,Desktop,Beauty,29,7,8,978,46-55
CUST_1531,Female,55,USA,Desktop,Electronics,66,23,6,1196,46-55
CUST_1532,Female,38,Pakistan,Tablet,Books,16,24,5,1437,36-45
CUST_1533,Female,57,USA,Tablet,Clothing,39,5,1,512,56-65
CUST_1534,Male,56,India,Mobile,Sports,77,5,2,841,56-65
CUST_1535,Male,38,USA,Desktop,Clothing,37,17,0,1130,36-45
CUST_1536,Female,27,UK,Mobile,Books,81,30,9,890,26-35
CUST_1537,Male,55,Pakistan,Tablet,Books,21,9,4,798,46-55
CUST_1538,Female,63,USA,Mobile,Sports,44,6,8,426,56-65
CUST_1539,Female,21,Pakistan,Mobile,Sports,19,25,5,779,18-25
CUST_1540,Male,62,Pakistan,Tablet,Books,71,19,4,482,56-65
CUST_1541,Male,37,India,Desktop,Home,102,16,2,930,36-45
CUST_1542,Male,34,India,Mobile,Clothing,8,21,4,124,26-35
CUST_1543,Female,24,UK,Tablet,Clothing,77,2,7,1319,18-25
CUST_1544,Male,21,Canada,Desktop,Home,101,10,1,492,18-25
CUST_1545,Female,46,Pakistan,Tablet,Beauty,66,16,4,1189,46-55
CUST_1546,Female,31,Canada,Mobile,Clothing,41,37,5,82,26-35
CUST_1547,Female,20,UK,Desktop,Electronics,75,15,9,1066,18-25
CUST_1548,Male,41,Pakistan,Desktop,Books,88,13,7,1422,36-45
CUST_1549,Male,54,Pakistan,Tablet,Books,70,13,7,445,46-55
CUST_1550,Female,33,Australia,Tablet,Home,61,32,4,466,26-35
CUST_1551,Male,21,Canada,Tablet,Clothing,26,45,8,616,18-25
CUST_1552,Male,41,USA,Desktop,Beauty,71,47,3,1322,36-45
CUST_1553,Male,51,India,Desktop,Clothing,103,46,8,1428,46-55
CUST_1554,Female,47,USA,Mobile,Books,83,8,6,921,46-55
CUST_1555,Female,35,Canada,Desktop,Sports,70,43,5,1120,26-35
CUST_1556,Male,36,India,Mobile,Electronics,107,18,3,613,36-45
CUST_1557,Female,48,USA,Tablet,Home,29,36,1,10,46-55
CUST_1558,Male,36,Australia,Tablet,Sports,107,26,7,685,36-45
CUST_1559,Male,63,India,Desktop,Beauty,103,10,5,899,56-65
CUST_1560,Male,36,Pakistan,Tablet,Sports,66,31,2,275,36-45
CUST_1561,Male,39,USA,Tablet,Sports,19,33,6,815,36-45
CUST_1562,Female,41,India,Desktop,Beauty,68,29,9,563,36-45
CUST_1563,Female,62,Australia,Mobile,Sports,58,5,6,103,56-65
CUST_1564,Female,29,India,Desktop,Home,70,13,5,530,26-35
CUST_1565,Male,47,India,Mobile,Books,113,1,1,198,46-55
CUST_1566,Male,55,Australia,Desktop,Clothing,57,23,7,1185,46-55
CUST_1567,Male,48,USA,Desktop,Sports,37,40,0,1143,46-55
CUST_1568,Female,53,UK,Tablet,Home,61,3,0,400,46-55
CUST_1569,Male,36,USA,Desktop,Clothing,92,3,5,774,36-45
CUST_1570,Female,62,Canada,Desktop,Clothing,30,7,4,1028,56-65
CUST_1571,Female,53,Australia,Mobile,Sports,71,36,8,884,46-55
CUST_1572,Female,47,USA,Tablet,Home,73,35,6,1242,46-55
CUST_1573,Female,50,India,Mobile,Books,25,15,1,749,46-55
CUST_1574,Female,35,Australia,Mobile,Sports,97,40,6,687,26-35
CUST_1575,Female,45,Pakistan,Tablet,Beauty,65,3,2,19,36-45
CUST_1576,Male,64,USA,Tablet,Clothing,115,29,0,1447,56-65
CUST_1577,Male,28,Australia,Tablet,Sports,6,30,7,372,26-35
CUST_1578,Female,62,USA,Desktop,Clothing,18,39,2,642,56-65
CUST_1579,Female,50,Australia,Tablet,Home,10,18,7,857,46-55
CUST_1580,Male,34,India,Tablet,Electronics,92,11,6,1241,26-35
CUST_1581,Female,23,Pakistan,Tablet,Sports,11,43,1,704,18-25
CUST_1582,Female,21,Pakistan,Mobile,Books,97,49,0,9,18-25
CUST_1583,Male,37,Canada,Mobile,Sports,65,38,6,235,36-45
CUST_1584,Female,64,Australia,Desktop,Clothing,77,40,0,1229,56-65
CUST_1585,Female,44,USA,Mobile,Home,101,1,5,1430,36-45
CUST_1586,Female,32,Pakistan,Desktop,Beauty,84,29,9,1177,26-35
CUST_1587,Male,23,Pakistan,Mobile,Books,65,10,9,1016,18-25
CUST_1588,Male,64,UK,Tablet,Home,52,28,7,1254,56-65
CUST_1589,Male,31,UK,Mobile,Sports,67,31,6,590,26-35
CUST_1590,Female,28,Pakistan,Desktop,Beauty,82,19,3,173,26-35
CUST_1591,Female,56,Australia,Mobile,Home,105,3,0,765,56-65
CUST_1592,Male,26,Canada,Tablet,Electronics,78,36,0,796,26-35
CUST_1593,Female,43,Pakistan,Desktop,Books,31,43,3,1004,36-45
CUST_1594,Female,33,India,Tablet,Clothing,91,15,4,156,26-35
CUST_1595,Female,22,USA,Tablet,Home,17,33,6,1020,18-25
CUST_1596,Female,27,Canada,Desktop,Home,55,41,3,228,26-35
CUST_1597,Female,20,India,Tablet,Electronics,110,43,9,508,18-25
CUST_1598,Male,30,Canada,Tablet,Sports,93,45,0,48,26-35
CUST_1599,Female,60,India,Mobile,Books,36,26,9,701,56-65
CUST_1600,Male,47,USA,Tablet,Books,101,16,6,508,46-55
CUST_1601,Female,62,USA,Tablet,Clothing,26,36,1,1269,56-65
CUST_1602,Male,23,UK,Tablet,Home,53,33,1,934,18-25
CUST_1603,Female,34,Australia,Tablet,Beauty,17,20,7,847,26-35
CUST_1604,Male,62,India,Desktop,Home,86,13,9,355,56-65
CUST_1605,Female,36,UK,Mobile,Clothing,25,33,9,27,36-45
CUST_1606,Male,59,India,Tablet,Home,2,5,9,602,56-65
CUST_1607,Female,52,UK,Tablet,Electronics,119,37,4,1071,46-55
CUST_1608,Male,63,USA,Desktop,Home,86,14,9,470,56-65
CUST_1609,Female,43,Canada,Tablet,Home,5,27,1,44,36-45
CUST_1610,Male,22,UK,Desktop,Beauty,4,23,4,307,18-25
CUST_1611,Male,46,India,Mobile,Electronics,36,14,7,179,46-55
CUST_1612,Female,54,India,Mobile,Electronics,6,40,5,1003,46-55
CUST_1613,Female,37,Australia,Tablet,Home,116,4,2,1489,36-45
CUST_1614,Male,38,USA,Tablet,Books,21,39,7,625,36-45
CUST_1615,Female,27,India,Tablet,Beauty,77,19,8,1221,26-35
CUST_1616,Male,22,Pakistan,Desktop,Home,118,47,4,248,18-25
CUST_1617,Male,53,Canada,Tablet,Home,101,4,1,840,46-55
CUST_1618,Male,23,UK,Tablet,Clothing,119,30,1,284,18-25
CUST_1619,Female,43,Australia,Mobile,Clothing,89,19,6,1064,36-45
CUST_1620,Male,21,Canada,Tablet,Books,26,31,0,561,18-25
CUST_1621,Male,56,USA,Mobile,Beauty,55,31,9,902,56-65
CUST_1622,Female,56,Australia,Tablet,Sports,39,9,1,1182,56-65
CUST_1623,Female,52,UK,Mobile,Clothing,84,13,9,1051,46-55
CUST_1624,Female,18,UK,Tablet,Sports,33,14,3,723,18-25
CUST_1625,Female,41,Pakistan,Mobile,Electronics,14,46,0,936,36-45
CUST_1626,Male,53,USA,Desktop,Clothing,56,10,3,95,46-55
CUST_1627,Male,23,Australia,Mobile,Clothing,100,48,9,394,18-25
CUST_1628,Male,58,Australia,Mobile,Beauty,81,31,4,1387,56-65
CUST_1629,Male,63,India,Mobile,Books,21,37,8,554,56-65
CUST_1630,Female,61,Pakistan,Tablet,Sports,46,23,0,935,56-65
CUST_1631,Male,48,Pakistan,Tablet,Clothing,16,27,4,1256,46-55
CUST_1632,Male,37,Australia,Tablet,Clothing,110,6,1,1230,36-45
CUST_1633,Female,41,Australia,Desktop,Beauty,16,26,8,1378,36-45
CUST_1634,Male,42,Canada,Desktop,Beauty,84,2,5,1066,36-45
CUST_1635,Male,53,Canada,Mobile,Books,29,45,1,737,46-55
CUST_1636,Male,38,Canada,Desktop,Sports,92,13,2,504,36-45
CUST_1637,Male,47,Pakistan,Mobile,Electronics,8,19,7,1071,46-55
CUST_1638,Male,41,India,Mobile,Books,88,1,0,875,36-45
CUST_1639,Male,61,UK,Mobile,Electronics,3,40,2,521,56-65
CUST_1640,Female,59,Canada,Desktop,Home,89,32,9,72,56-65
CUST_1641,Female,47,India,Tablet,Clothing,19,22,0,127,46-55
CUST_1642,Male,39,USA,Desktop,Sports,97,48,7,340,36-45
CUST_1643,Male,45,Canada,Mobile,Books,66,29,0,1181,36-45
CUST_1644,Female,24,UK,Mobile,Clothing,79,2,4,978,18-25
CUST_1645,Male,52,USA,Desktop,Sports,86,40,3,783,46-55
CUST_1646,Male,45,USA,Mobile,Sports,74,38,6,1190,36-45
CUST_1647,Male,31,UK,Mobile,Sports,82,48,4,1242,26-35
CUST_1648,Female,27,Canada,Desktop,Clothing,22,11,7,1404,26-35
CUST_1649,Male,33,Pakistan,Desktop,Books,46,17,0,1471,26-35
CUST_1650,Female,33,UK,Desktop,Beauty,113,43,4,427,26-35
CUST_1651,Male,48,UK,Mobile,Clothing,91,8,3,943,46-55
CUST_1652,Female,59,UK,Mobile,Sports,13,22,2,808,56-65
CUST_1653,Female,42,USA,Tablet,Books,33,4,4,638,36-45
CUST_1654,Male,30,India,Tablet,Home,5,11,9,1258,26-35
CUST_1655,Female,23,Pakistan,Desktop,Electronics,90,8,2,1087,18-25
CUST_1656,Male,61,Canada,Tablet,Sports,77,9,7,100,56-65
CUST_1657,Female,26,Canada,Mobile,Home,27,26,2,1290,26-35
CUST_1658,Male,62,India,Tablet,Beauty,78,2,0,358,56-65
CUST_1659,Male,53,UK,Mobile,Sports,24,16,8,1340,46-55
CUST_1660,Female,60,Pakistan,Desktop,Home,67,31,8,1164,56-65
CUST_1661,Male,37,Canada,Desktop,Sports,111,6,5,971,36-45
CUST_1662,Male,35,Australia,Mobile,Clothing,115,21,9,927,26-35
CUST_1663,Female,60,Canada,Tablet,Books,63,26,0,477,56-65
CUST_1664,Male,38,UK,Desktop,Home,113,19,7,434,36-45
CUST_1665,Male,21,Australia,Desktop,Books,94,28,1,979,18-25
CUST_1666,Female,50,India,Tablet,Clothing,99,8,8,541,46-55
CUST_1667,Female,44,Pakistan,Tablet,Clothing,48,14,7,1174,36-45
CUST_1668,Male,24,India,Mobile,Books,63,24,2,91,18-25
CUST_1669,Male,23,India,Tablet,Home,78,48,4,113,18-25
CUST_1670,Female,32,Pakistan,Tablet,Books,12,44,8,1451,26-35
CUST_1671,Female,35,Pakistan,Tablet,Books,28,37,0,1373,26-35
CUST_1672,Male,49,Canada,Mobile,Electronics,44,26,8,1294,46-55
CUST_1673,Female,28,Canada,Mobile,Home,93,31,3,998,26-35
CUST_1674,Male,37,Pakistan,Desktop,Electronics,43,32,3,1361,36-45
CUST_1675,Male,41,Australia,Mobile,Sports,17,41,3,826,36-45
CUST_1676,Male,32,USA,Desktop,Books,40,2,9,1441,26-35
CUST_1677,Male,24,Canada,Tablet,Sports,49,25,8,941,18-25
CUST_1678,Male,38,USA,Desktop,Home,85,44,5,1009,36-45
CUST_1679,Female,59,Australia,Desktop,Books,57,2,7,653,56-65
CUST_1680,Female,43,Pakistan,Tablet,Sports,87,42,3,195,36-45
CUST_1681,Female,61,Australia,Desktop,Beauty,84,1,2,937,56-65
CUST_1682,Female,31,Canada,Mobile,Clothing,64,36,0,146,26-35
CUST_1683,Male,54,India,Mobile,Books,75,12,9,1101,46-55
CUST_1684,Male,38,Pakistan,Mobile,Clothing,57,9,6,844,36-45
CUST_1685,Male,35,UK,Mobile,Electronics,98,36,3,1195,26-35
CUST_1686,Male,22,USA,Desktop,Sports,74,41,7,172,18-25
CUST_1687,Female,20,Australia,Desktop,Electronics,74,28,2,570,18-25
CUST_1688,Male,40,Pakistan,Tablet,Books,107,38,0,1287,36-45
CUST_1689,Male,43,Australia,Desktop,Clothing,70,33,4,1467,36-45
CUST_1690,Female,54,Pakistan,Desktop,Clothing,100,42,1,1139,46-55
CUST_1691,Female,41,Canada,Desktop,Sports,88,46,2,748,36-45
CUST_1692,Female,36,Canada,Tablet,Books,76,22,5,677,36-45
CUST_1693,Female,42,Canada,Mobile,Beauty,43,25,2,868,36-45
CUST_1694,Male,38,Australia,Desktop,Beauty,119,18,2,843,36-45
CUST_1695,Male,29,UK,Tablet,Sports,23,6,5,535,26-35
CUST_1696,Female,58,Canada,Tablet,Books,27,18,4,1318,56-65
CUST_1697,Male,50,Pakistan,Tablet,Sports,58,16,9,978,46-55
CUST_1698,Male,21,Canada,Mobile,Books,109,15,8,566,18-25
CUST_1699,Male,59,India,Desktop,Electronics,37,48,0,179,56-65
CUST_1700,Female,24,Canada,Tablet,Sports,6,8,2,306,18-25
CUST_1701,Male,39,Australia,Mobile,Books,65,13,2,189,36-45
CUST_1702,Female,50,UK,Tablet,Beauty,6,43,5,1367,46-55
CUST_1703,Male,34,India,Tablet,Books,50,7,7,514,26-35
CUST_1704,Male,41,Australia,Tablet,Books,22,17,2,823,36-45
CUST_1705,Male,51,Australia,Tablet,Sports,105,32,2,1338,46-55
CUST_1706,Female,45,Australia,Tablet,Electronics,88,22,5,1374,36-45
CUST_1707,Male,60,Pakistan,Mobile,Electronics,25,13,7,1109,56-65
CUST_1708,Female,58,Australia,Desktop,Electronics,79,47,5,1402,56-65
CUST_1709,Female,56,Pakistan,Desktop,Electronics,90,23,9,160,56-65
CUST_1710,Female,39,Australia,Desktop,Home,72,29,2,791,36-45
CUST_1711,Male,34,USA,Desktop,Sports,51,22,3,799,26-35
CUST_1712,Male,51,India,Mobile,Clothing,88,1,0,436,46-55
CUST_1713,Male,23,USA,Mobile,Sports,48,29,7,765,18-25
CUST_1714,Male,63,Australia,Mobile,Home,102,48,3,151,56-65
CUST_1715,Female,23,India,Tablet,Electronics,70,5,5,485,18-25
CUST_1716,Female,51,India,Tablet,Home,118,35,2,439,46-55
CUST_1717,Female,18,UK,Tablet,Beauty,99,10,5,73,18-25
CUST_1718,Male,27,USA,Desktop,Beauty,106,19,8,879,26-35
CUST_1719,Female,38,UK,Tablet,Sports,65,37,8,190,36-45
CUST_1720,Male,22,India,Desktop,Sports,60,7,9,908,18-25
CUST_1721,Female,19,Pakistan,Tablet,Clothing,46,46,2,686,18-25
CUST_1722,Male,39,India,Desktop,Clothing,36,35,2,208,36-45
CUST_1723,Male,19,UK,Tablet,Beauty,58,45,3,558,18-25
CUST_1724,Female,27,USA,Tablet,Electronics,76,13,6,17,26-35
CUST_1725,Female,51,Australia,Mobile,Home,38,10,2,670,46-55
CUST_1726,Female,33,Australia,Tablet,Clothing,11,2,9,1302,26-35
CUST_1727,Female,56,USA,Tablet,Books,12,6,7,1326,56-65
CUST_1728,Male,39,Australia,Mobile,Clothing,42,8,7,55,36-45
CUST_1729,Female,29,Australia,Desktop,Electronics,114,36,5,504,26-35
CUST_1730,Female,41,UK,Mobile,Electronics,39,25,3,373,36-45
CUST_1731,Female,64,USA,Mobile,Sports,71,44,4,728,56-65
CUST_1732,Male,57,Canada,Desktop,Home,11,47,1,361,56-65
CUST_1733,Male,55,Pakistan,Tablet,Electronics,36,40,5,1031,46-55
CUST_1734,Female,27,Pakistan,Desktop,Clothing,52,7,2,1282,26-35
CUST_1735,Male,52,Australia,Tablet,Clothing,31,46,5,851,46-55
CUST_1736,Female,49,Pakistan,Tablet,Beauty,33,23,4,260,46-55
CUST_1737,Male,24,USA,Desktop,Electronics,13,19,1,1178,18-25
CUST_1738,Male,38,USA,Mobile,Books,18,46,4,283,36-45
CUST_1739,Male,37,India,Desktop,Sports,41,22,4,1087,36-45
CUST_1740,Male,43,India,Tablet,Home,58,13,8,450,36-45
CUST_1741,Female,21,Pakistan,Desktop,Books,56,21,7,117,18-25
CUST_1742,Female,63,Canada,Desktop,Sports,24,1,6,840,56-65
CUST_1743,Female,39,India,Tablet,Clothing,73,19,2,759,36-45
CUST_1744,Male,32,India,Mobile,Books,31,33,9,1435,26-35
CUST_1745,Female,57,USA,Desktop,Sports,55,4,3,371,56-65
CUST_1746,Female,38,Canada,Tablet,Clothing,105,42,5,1088,36-45
CUST_1747,Female,32,Australia,Tablet,Clothing,10,3,2,333,26-35
CUST_1748,Male,39,Pakistan,Desktop,Clothing,60,27,8,732,36-45
CUST_1749,Male,45,India,Mobile,Clothing,2,41,7,1497,36-45
CUST_1750,Male,31,Canada,Desktop,Clothing,102,35,5,1010,26-35
CUST_1751,Female,44,Canada,Mobile,Beauty,15,28,3,724,36-45
CUST_1752,Female,58,Pakistan,Mobile,Books,3,6,6,1091,56-65
CUST_1753,Female,57,Canada,Mobile,Sports,43,6,2,188,56-65
CUST_1754,Male,45,Canada,Mobile,Beauty,31,44,9,1027,36-45
CUST_1755,Male,43,Canada,Desktop,Beauty,70,23,7,315,36-45
CUST_1756,Female,19,India,Tablet,Electronics,67,33,0,181,18-25
CUST_1757,Male,42,Pakistan,Tablet,Electronics,56,16,2,1457,36-45
CUST_1758,Male,20,Canada,Tablet,Electronics,63,24,4,1101,18-25
CUST_1759,Male,25,Canada,Tablet,Home,75,5,4,851,18-25
CUST_1760,Male,61,India,Tablet,Electronics,15,41,9,1195,56-65
CUST_1761,Female,50,Pakistan,Tablet,Sports,109,42,1,1253,46-55
CUST_1762,Male,59,USA,Desktop,Beauty,116,13,9,13,56-65
CUST_1763,Male,52,India,Mobile,Sports,92,47,7,240,46-55
CUST_1764,Male,23,Pakistan,Tablet,Books,10,12,4,714,18-25
CUST_1765,Male,56,Canada,Desktop,Electronics,38,5,6,928,56-65
CUST_1766,Female,40,Pakistan,Tablet,Home,47,37,6,689,36-45
CUST_1767,Female,42,Pakistan,Tablet,Books,57,31,4,798,36-45
CUST_1768,Male,60,Australia,Mobile,Home,50,28,7,1056,56-65
CUST_1769,Male,36,Pakistan,Mobile,Books,114,28,8,812,36-45
CUST_1770,Male,22,USA,Mobile,Beauty,71,30,3,31,18-25
CUST_1771,Male,28,Pakistan,Tablet,Sports,15,18,3,554,26-35
CUST_1772,Male,29,USA,Tablet,Clothing,18,44,7,1224,26-35
CUST_1773,Male,27,Canada,Tablet,Sports,82,27,0,1231,26-35
CUST_1774,Female,25,USA,Mobile,Electronics,116,35,3,89,18-25
CUST_1775,Male,41,Canada,Desktop,Clothing,105,26,5,1058,36-45
CUST_1776,Female,45,Canada,Tablet,Home,88,39,3,470,36-45
CUST_1777,Female,58,USA,Tablet,Beauty,2,49,5,1127,56-65
CUST_1778,Male,53,India,Tablet,Beauty,104,18,4,1218,46-55
CUST_1779,Female,54,UK,Desktop,Home,84,33,8,16,46-55
CUST_1780,Female,38,Pakistan,Tablet,Electronics,98,25,9,1017,36-45
CUST_1781,Female,25,Australia,Desktop,Home,43,31,8,1058,18-25
CUST_1782,Female,26,UK,Tablet,Books,26,37,3,1066,26-35
CUST_1783,Female,64,Pakistan,Desktop,Electronics,71,2,3,576,56-65
CUST_1784,Female,32,Pakistan,Tablet,Clothing,38,33,7,1322,26-35
CUST_1785,Male,63,Canada,Mobile,Home,94,39,9,1388,56-65
CUST_1786,Female,57,Pakistan,Mobile,Electronics,42,43,3,918,56-65
CUST_1787,Female,35,Australia,Mobile,Clothing,5,43,1,184,26-35
CUST_1788,Female,59,Pakistan,Mobile,Home,11,32,1,801,56-65
CUST_1789,Male,37,USA,Tablet,Beauty,65,18,0,1140,36-45
CUST_1790,Female,23,UK,Mobile,Home,34,17,4,1472,18-25
CUST_1791,Male,29,USA,Desktop,Sports,1,34,5,1049,26-35
CUST_1792,Female,19,Australia,Mobile,Home,83,39,8,1173,18-25
CUST_1793,Male,24,Pakistan,Mobile,Sports,2,7,4,1174,18-25
CUST_1794,Male,33,Australia,Mobile,Clothing,85,42,5,445,26-35
CUST_1795,Female,20,Canada,Tablet,Home,20,35,5,891,18-25
CUST_1796,Female,62,USA,Mobile,Clothing,61,30,2,425,56-65
CUST_1797,Male,20,USA,Desktop,Clothing,87,12,3,1344,18-25
CUST_1798,Female,44,India,Mobile,Electronics,21,35,0,1194,36-45
CUST_1799,Male,60,Pakistan,Mobile,Clothing,88,11,3,1231,56-65
CUST_1800,Male,57,Canada,Mobile,Clothing,68,44,0,472,56-65
